CREATE DATABASE  IF NOT EXISTS `poplatky` /*!40100 DEFAULT CHARACTER SET cp1250 COLLATE cp1250_czech_cs */;
USE `poplatky`;
-- MySQL dump 10.13  Distrib 5.7.12, for Win64 (x86_64)
--
-- Host: localhost    Database: poplatky
-- ------------------------------------------------------
-- Server version	5.6.32-log

/*!40101 SET @OLD_CHARACTER_SET_CLIENT=@@CHARACTER_SET_CLIENT */;
/*!40101 SET @OLD_CHARACTER_SET_RESULTS=@@CHARACTER_SET_RESULTS */;
/*!40101 SET @OLD_COLLATION_CONNECTION=@@COLLATION_CONNECTION */;
/*!40101 SET NAMES utf8 */;
/*!40103 SET @OLD_TIME_ZONE=@@TIME_ZONE */;
/*!40103 SET TIME_ZONE='+00:00' */;
/*!40014 SET @OLD_UNIQUE_CHECKS=@@UNIQUE_CHECKS, UNIQUE_CHECKS=0 */;
/*!40014 SET @OLD_FOREIGN_KEY_CHECKS=@@FOREIGN_KEY_CHECKS, FOREIGN_KEY_CHECKS=0 */;
/*!40101 SET @OLD_SQL_MODE=@@SQL_MODE, SQL_MODE='NO_AUTO_VALUE_ON_ZERO' */;
/*!40111 SET @OLD_SQL_NOTES=@@SQL_NOTES, SQL_NOTES=0 */;

--
-- Table structure for table `banky`
--

DROP TABLE IF EXISTS `banky`;
/*!40101 SET @saved_cs_client     = @@character_set_client */;
/*!40101 SET character_set_client = utf8 */;
CREATE TABLE `banky` (
  `kod_banky` char(4) COLLATE utf8_czech_ci NOT NULL,
  `nazev_banky` varchar(55) COLLATE utf8_czech_ci DEFAULT NULL,
  `klientu` int(10) unsigned DEFAULT NULL,
  `klientu_datum` date DEFAULT NULL,
  `bankomaty` int(10) unsigned DEFAULT NULL,
  `bankomaty_datum` date DEFAULT NULL,
  `bankomaty_pozn` text COLLATE utf8_czech_ci,
  `koment` text COLLATE utf8_czech_ci,
  PRIMARY KEY (`kod_banky`)
) ENGINE=InnoDB DEFAULT CHARSET=utf8 COLLATE=utf8_czech_ci;
/*!40101 SET character_set_client = @saved_cs_client */;

--
-- Dumping data for table `banky`
--

LOCK TABLES `banky` WRITE;
/*!40000 ALTER TABLE `banky` DISABLE KEYS */;
INSERT INTO `banky` VALUES ('0100','Komerční banka',1600000,'2011-12-31',699,'2012-11-21',NULL,NULL),('0300','ČSOB / Poštovní spořitelna',3100000,'2012-05-22',855,'2012-11-21',NULL,NULL),('0600','GE Money Bank',1051000,'2012-06-30',695,'2012-11-21',NULL,NULL),('0800','Česká spořitelna',5217326,'2012-03-01',1440,'2012-11-21',NULL,NULL),('2010','Fio banka',250000,'2013-03-12',117,'2012-11-21',NULL,NULL),('2310','Zuno bank',100000,'2012-06-20',0,'2012-11-21','+vyuziva bankomaty Raiffeisen bank',NULL),('2600','Citibank Europe',16000,'2010-06-16',144,'2012-11-21',NULL,NULL),('2700','UniCredit Bank',200000,'2010-09-30',147,'2012-11-21',NULL,NULL),('3030','Air bank',100000,'2013-02-26',18,'2012-11-21',NULL,NULL),('3500','ING Bank',0,NULL,0,'2012-11-21',NULL,NULL),('4000','Expobank',10000,NULL,0,'2010-01-28',NULL,'Bývalá LBBW banka.'),('5500','Raiffeisenbank',500000,'2011-11-02',128,'2012-11-21',NULL,NULL),('6100','Equa bank',30000,'2012-12-14',0,'2012-11-21',NULL,NULL),('6210','BRE Bank (mBank)',400000,'2012-07-17',0,'2012-11-21',NULL,NULL),('6800','Sberbank',63000,'2010-12-31',27,'2012-11-21',NULL,'Bývalá Volksbank.'),('7940','Waldviertler Sparkasse Bank AG',30000,'2007-12-19',7,'2012-11-21','+vyuziva bankomaty CSOB',NULL),('8040','Oberbank',334000,'2010-12-31',13,'2012-11-21',NULL,NULL);
/*!40000 ALTER TABLE `banky` ENABLE KEYS */;
UNLOCK TABLES;

--
-- Table structure for table `ceny_banking`
--

DROP TABLE IF EXISTS `ceny_banking`;
/*!40101 SET @saved_cs_client     = @@character_set_client */;
/*!40101 SET character_set_client = utf8 */;
CREATE TABLE `ceny_banking` (
  `ID` int(11) NOT NULL,
  `ib_Zrizeni` decimal(10,2) DEFAULT NULL,
  `ib_Vedeni` decimal(10,2) DEFAULT NULL,
  `ib_Odchozi1` decimal(10,2) DEFAULT NULL,
  `ib_Odchozi2` decimal(10,2) DEFAULT NULL,
  `ib_ZrizeniTP` decimal(10,2) DEFAULT NULL,
  `mb_Zrizeni` decimal(10,2) DEFAULT NULL,
  `mb_Vedeni` decimal(10,2) DEFAULT NULL,
  `mb_Odchozi1` decimal(10,2) DEFAULT NULL,
  `mb_Odchozi2` decimal(10,2) DEFAULT NULL,
  `mb_ZrizeniTP` decimal(10,2) DEFAULT NULL,
  `tb_Zrizeni` decimal(10,2) DEFAULT NULL,
  `tb_Vedeni` decimal(10,2) DEFAULT NULL,
  `tb_Odchozi1` decimal(10,2) DEFAULT NULL,
  `tb_Odchozi2` decimal(10,2) DEFAULT NULL,
  `tb_ZrizeniTP` decimal(10,2) DEFAULT NULL,
  PRIMARY KEY (`ID`)
) ENGINE=InnoDB DEFAULT CHARSET=utf8 COLLATE=utf8_czech_ci;
/*!40101 SET character_set_client = @saved_cs_client */;

--
-- Dumping data for table `ceny_banking`
--

LOCK TABLES `ceny_banking` WRITE;
/*!40000 ALTER TABLE `ceny_banking` DISABLE KEYS */;
INSERT INTO `ceny_banking` VALUES (30,0.00,25.00,5.00,7.00,0.00,0.00,25.00,5.00,7.00,0.00,0.00,25.00,20.00,22.00,0.00),(31,0.00,0.00,0.00,0.00,0.00,0.00,0.00,0.00,0.00,0.00,0.00,0.00,20.00,20.00,0.00),(32,0.00,0.00,0.00,0.00,0.00,0.00,0.00,0.00,0.00,0.00,0.00,0.00,20.00,20.00,20.00),(33,0.00,0.00,0.00,0.00,0.00,0.00,0.00,0.00,0.00,0.00,0.00,0.00,0.00,0.00,0.00),(34,0.00,0.00,0.00,0.00,0.00,0.00,0.00,0.00,0.00,0.00,0.00,0.00,0.00,0.00,0.00),(35,0.00,0.00,0.00,0.00,0.00,0.00,0.00,0.00,0.00,0.00,NULL,NULL,NULL,NULL,NULL),(36,0.00,0.00,0.00,0.00,0.00,0.00,0.00,0.00,0.00,0.00,0.00,0.00,0.00,0.00,0.00),(37,0.00,0.00,0.00,0.00,0.00,0.00,0.00,0.00,0.00,0.00,0.00,0.00,0.00,0.00,0.00),(38,0.00,0.00,NULL,NULL,NULL,NULL,NULL,NULL,NULL,NULL,NULL,NULL,NULL,NULL,NULL),(39,0.00,0.00,6.00,6.00,0.00,0.00,0.00,6.00,6.00,0.00,0.00,0.00,6.00,6.00,0.00),(40,0.00,0.00,6.00,6.00,0.00,0.00,49.00,6.00,6.00,0.00,0.00,49.00,6.00,6.00,0.00),(41,0.00,0.00,0.00,0.00,0.00,0.00,0.00,0.00,0.00,0.00,0.00,0.00,0.00,0.00,0.00),(42,0.00,0.00,0.00,0.00,0.00,0.00,0.00,0.00,0.00,0.00,0.00,0.00,0.00,0.00,0.00),(43,0.00,0.00,0.00,0.00,0.00,0.00,0.00,0.00,0.00,0.00,0.00,0.00,0.00,0.00,0.00),(44,0.00,0.00,0.00,0.00,0.00,0.00,49.00,0.00,0.00,0.00,0.00,49.00,0.00,0.00,0.00),(45,0.00,0.00,0.00,0.00,0.00,0.00,49.00,0.00,0.00,0.00,0.00,49.00,0.00,0.00,0.00),(46,0.00,0.00,0.00,0.00,0.00,0.00,0.00,0.00,0.00,0.00,0.00,0.00,15.00,15.00,15.00),(47,0.00,0.00,0.00,0.00,0.00,0.00,0.00,0.00,0.00,0.00,0.00,0.00,0.00,0.00,0.00),(48,0.00,0.00,0.00,0.00,0.00,0.00,0.00,0.00,0.00,0.00,0.00,0.00,15.00,15.00,15.00),(49,0.00,0.00,NULL,NULL,NULL,0.00,0.00,NULL,NULL,NULL,NULL,NULL,NULL,NULL,NULL),(50,0.00,0.00,0.00,0.00,0.00,0.00,0.00,0.00,0.00,0.00,NULL,NULL,NULL,NULL,NULL),(51,0.00,0.00,3.00,6.00,0.00,0.00,0.00,3.00,6.00,0.00,NULL,NULL,NULL,NULL,NULL),(52,0.00,0.00,0.00,0.00,0.00,0.00,0.00,0.00,0.00,0.00,NULL,NULL,NULL,NULL,NULL),(53,0.00,0.00,0.00,0.00,0.00,0.00,0.00,0.00,0.00,0.00,0.00,0.00,20.00,20.00,0.00),(54,0.00,0.00,0.00,0.00,0.00,0.00,0.00,0.00,0.00,0.00,0.00,0.00,20.00,20.00,0.00),(55,0.00,0.00,0.00,0.00,0.00,0.00,0.00,0.00,0.00,0.00,0.00,0.00,20.00,20.00,0.00),(56,0.00,0.00,0.00,0.00,0.00,0.00,0.00,0.00,0.00,0.00,0.00,0.00,20.00,20.00,0.00),(57,0.00,0.00,NULL,NULL,NULL,0.00,0.00,NULL,NULL,NULL,0.00,0.00,NULL,NULL,NULL),(58,0.00,0.00,3.00,3.00,0.00,0.00,0.00,3.00,3.00,0.00,0.00,20.00,20.00,20.00,0.00),(59,0.00,0.00,2.00,2.00,0.00,0.00,0.00,2.00,2.00,0.00,0.00,0.00,2.00,2.00,0.00),(60,0.00,0.00,0.00,0.00,0.00,0.00,0.00,0.00,0.00,0.00,0.00,-1.00,10.00,10.00,0.00),(61,0.00,0.00,NULL,NULL,NULL,0.00,0.00,NULL,NULL,NULL,0.00,0.00,NULL,NULL,NULL),(62,0.00,0.00,6.00,6.00,0.00,0.00,0.00,6.00,6.00,0.00,0.00,0.00,19.00,19.00,0.00),(63,0.00,0.00,6.00,6.00,0.00,0.00,0.00,6.00,6.00,0.00,0.00,0.00,19.00,19.00,0.00),(64,0.00,39.00,4.00,6.00,0.00,0.00,0.00,4.00,6.00,0.00,0.00,39.00,19.00,21.00,29.00),(65,0.00,0.00,NULL,NULL,NULL,NULL,NULL,NULL,NULL,NULL,NULL,NULL,NULL,NULL,NULL),(66,0.00,0.00,0.00,0.00,0.00,0.00,0.00,0.00,0.00,0.00,0.00,0.00,0.00,0.00,29.00),(67,0.00,0.00,0.00,0.00,0.00,0.00,0.00,0.00,0.00,0.00,0.00,0.00,19.00,19.00,0.00),(68,0.00,0.00,0.00,5.00,0.00,0.00,0.00,0.00,5.00,0.00,NULL,NULL,NULL,NULL,NULL),(69,0.00,0.00,0.00,0.00,0.00,0.00,0.00,0.00,0.00,0.00,NULL,NULL,NULL,NULL,NULL),(70,0.00,0.00,0.00,0.00,0.00,0.00,0.00,0.00,0.00,0.00,NULL,NULL,NULL,NULL,NULL),(71,0.00,47.00,0.00,5.00,0.00,0.00,0.00,0.00,5.00,0.00,NULL,NULL,NULL,NULL,NULL),(72,0.00,0.00,0.00,5.00,0.00,NULL,NULL,NULL,NULL,NULL,NULL,NULL,NULL,NULL,NULL),(73,0.00,0.00,0.00,5.00,0.00,NULL,NULL,NULL,NULL,NULL,NULL,NULL,NULL,NULL,NULL);
/*!40000 ALTER TABLE `ceny_banking` ENABLE KEYS */;
UNLOCK TABLES;

--
-- Table structure for table `ceny_karty`
--

DROP TABLE IF EXISTS `ceny_karty`;
/*!40101 SET @saved_cs_client     = @@character_set_client */;
/*!40101 SET character_set_client = utf8 */;
CREATE TABLE `ceny_karty` (
  `ID` int(11) NOT NULL AUTO_INCREMENT,
  `karta_cena_id` int(11) NOT NULL,
  `karta_ID` int(11) NOT NULL,
  `karta_nazev` varchar(55) COLLATE utf8_czech_ci NOT NULL,
  `karta_typ` tinyint(4) NOT NULL,
  `kartaH_vedeni` decimal(10,2) DEFAULT NULL,
  `kartaH_vyber1` decimal(10,2) DEFAULT NULL,
  `kartaH_vyber2` decimal(10,2) DEFAULT NULL,
  `kartaH_vyber3` decimal(10,2) DEFAULT NULL,
  `kartaH_cashback` decimal(10,2) DEFAULT NULL,
  `kartaH_vklad` decimal(10,2) DEFAULT NULL,
  `kartaD_vedeni` decimal(10,2) DEFAULT NULL,
  `kartaD_vyber1` decimal(10,2) DEFAULT NULL,
  `kartaD_vyber2` decimal(10,2) DEFAULT NULL,
  `kartaD_vyber3` decimal(10,2) DEFAULT NULL,
  `kartaD_cashback` decimal(10,2) DEFAULT NULL,
  `kartaD_vklad` decimal(10,2) DEFAULT NULL,
  `kartaH_koment` text COLLATE utf8_czech_ci,
  `kartaD_koment` text COLLATE utf8_czech_ci,
  `kartaH_vydani` decimal(10,2) DEFAULT NULL,
  `kartaD_vydani` decimal(10,2) DEFAULT NULL,
  PRIMARY KEY (`ID`)
) ENGINE=InnoDB AUTO_INCREMENT=118 DEFAULT CHARSET=utf8 COLLATE=utf8_czech_ci;
/*!40101 SET character_set_client = @saved_cs_client */;

--
-- Dumping data for table `ceny_karty`
--

LOCK TABLES `ceny_karty` WRITE;
/*!40000 ALTER TABLE `ceny_karty` DISABLE KEYS */;
INSERT INTO `ceny_karty` VALUES (15,30,1,'Visa Classic',2,29.00,5.00,5.00,40.00,0.00,0.00,33.33,5.00,5.00,40.00,0.00,0.00,'Vydává se od 8 let věku majitele účtu\r\nDotaz na zůstatek u cizí banky 20 Kč\r\n&#039;zpřátelené&#039; banky = skupina Erste v zahraničí\r\nVklad platí na vlastní účet\r\nVýběry z bankomatu ČS - 2 zdarma nebo za 29 Kč / měsíc všechny','Vedení 400 Kč / rok',0.00,400.00),(16,31,1,'Visa Classic',1,0.00,9.00,9.00,9.00,0.00,NULL,0.00,35.00,35.00,35.00,0.00,NULL,'Banka nemá vlastní bankomaty, poplatky za výběr z jakéhokoli bankomatu jsou stejné. Banka nemá ani vkladomaty.\r\nPoplatek za 1. až 3. výběr je podmíněný objemem transakcí kartou za uplynulý měsíc. 4. a další výběr 35 Kč','Obnovení rovněž 100 Kč',0.00,100.00),(17,31,2,'Visa PayWave',2,0.00,9.00,9.00,9.00,0.00,NULL,0.00,35.00,35.00,35.00,0.00,NULL,'Viz Visa Classic','Viz Visa Classic',0.00,100.00),(18,32,1,'Debit Mastercard',2,0.00,0.00,0.00,0.00,0.00,NULL,NULL,NULL,NULL,NULL,NULL,NULL,'Banka nemá vlastní bankomaty ani vkladomaty, poplatky za výběry z bankomatů ostatních bank jsou jednotné.','no comment',0.00,NULL),(19,33,1,'Debit Mastercard',2,0.00,0.00,10.00,25.00,0.00,0.00,0.00,0.00,10.00,25.00,0.00,0.00,'&#039;zpřátelená&#039; banka = Sazka a.s.','Vydání třetí a další karty za 300 Kč.',0.00,0.00),(20,34,1,'Debit Mastercard',2,0.00,0.00,0.00,0.00,0.00,0.00,0.00,0.00,0.00,0.00,0.00,0.00,'no comment','Vydání třetí, tj. druhé dodatkové a další karty 300 Kč',0.00,0.00),(21,35,1,'Maestro',2,0.00,0.00,NULL,30.00,0.00,NULL,0.00,0.00,NULL,30.00,0.00,NULL,'11. a další výběr z bankomatu vlastní banky 9 Kč.\r\nZa každé 4000 Kč v součtu transakcí danou kartou výběr z cizího bankomatu zdarma, maximálně však 5 výběrů.\r\nDotaz na zůstatek v cizím bankomatu 9 Kč.','no comment',99.00,99.00),(22,35,2,'Mastercard Debit',2,0.00,0.00,NULL,30.00,0.00,NULL,0.00,0.00,NULL,30.00,0.00,NULL,'Viz karta č.1','Zdarma jsou 2 karty pro různé držitele. Každá další jednorázově 99 Kč.',0.00,0.00),(23,35,3,'Mastercard Standard',2,0.00,0.00,NULL,30.00,0.00,NULL,0.00,0.00,NULL,30.00,0.00,NULL,'Viz karta č.1','no comment',99.00,99.00),(24,35,4,'Mastercard/Visa Business',2,110.00,0.00,NULL,30.00,0.00,NULL,110.00,0.00,NULL,30.00,0.00,NULL,'Viz karta č.1','no comment',0.00,0.00),(25,35,5,'Mastercard/Visa Gold',2,275.00,0.00,NULL,30.00,0.00,NULL,275.00,0.00,NULL,30.00,0.00,NULL,'Viz karta č.1','no comment',0.00,0.00),(26,35,6,'Visa Classic',2,0.00,0.00,NULL,30.00,0.00,NULL,0.00,0.00,NULL,30.00,0.00,NULL,'Viz karta č.1','no comment',150.00,150.00),(27,36,1,'Visa Classic',2,0.00,NULL,28.00,28.00,NULL,NULL,NULL,NULL,NULL,NULL,NULL,NULL,'Banka nemá vlastní bankomaty, &#039;zpřátelená&#039; banka = Raiffeisenbank.\r\nZnovuvydání při ztrátě karty 80 Kč','no comment',0.00,NULL),(28,37,1,'Visa Classic',2,0.00,NULL,18.00,18.00,NULL,NULL,NULL,NULL,NULL,NULL,NULL,NULL,'Banka nemá vlastní bankomaty ani vkladomaty. &#039;Zpřátelená&#039; banka = Raiffeisenbank.\r\nVýběry &gt;= 1000 Kč jsou zdarma. Cashback není možný.','Nenabízí se.',0.00,NULL),(29,38,1,'Dětské Maestro',1,0.00,0.00,NULL,40.00,NULL,NULL,NULL,NULL,NULL,NULL,NULL,NULL,'Dotaz na zůstatek v cizím bankomatu 20 Kč, přehled o použití karty v bankomatu GE 10 Kč.\r\nPro děti od 8 let.','no comment',0.00,NULL),(30,39,1,'Maestro',1,0.00,0.00,NULL,40.00,0.00,6.00,39.00,0.00,NULL,40.00,0.00,6.00,'Dotaz na zůstatek u bankomatu cizí banky 20 Kč, přehled o použití karty v bankomatu GE 10 Kč.\r\nCena za vklad podle http://www.vkladomat.cz/ge-money-bank.html','no comment',0.00,0.00),(31,39,2,'Mastercard Standard',2,0.00,0.00,NULL,40.00,0.00,6.00,59.00,0.00,NULL,40.00,0.00,6.00,'Dotaz na zůstatek u bankomatu cizí banky 20 Kč, přehled o použití karty v bankomatu GE 10 Kč.\r\nCena za vklad podle http://www.vkladomat.cz/ge-money-bank.html','no comment',0.00,0.00),(34,40,1,'Maestro',1,0.00,15.00,NULL,40.00,0.00,6.00,39.00,15.00,NULL,40.00,0.00,6.00,'Dotaz na zůstatek v bankomatu cizí banky 20 Kč, přehled o použití karty v bankomatu GE 10 Kč.\r\nCena za vklad podle http://www.vkladomat.cz/ge-money-bank.html','no comment',0.00,0.00),(35,40,2,'Mastercard Standard',2,0.00,15.00,NULL,40.00,0.00,6.00,59.00,15.00,NULL,40.00,0.00,6.00,'Dotaz na zůstatek v bankomatu cizí banky 20 Kč, přehled o použití karty v bankomatu GE 10 Kč.\r\nCena za vklad podle http://www.vkladomat.cz/ge-money-bank.html','no comment',0.00,0.00),(36,41,1,'Maestro',1,0.00,0.00,NULL,40.00,0.00,6.00,0.00,0.00,NULL,40.00,0.00,6.00,'Dotaz na zůstatek v bankomatu cizí banky 20 Kč, přehled o použití karty v bankomatu GE 10 Kč.\r\nCena za vklad podle http://www.vkladomat.cz/ge-money-bank.html','Vedení druhé a další dodatkové karty 39 Kč.',0.00,0.00),(37,41,2,'Mastercard Standard',2,0.00,0.00,NULL,40.00,0.00,6.00,0.00,0.00,NULL,40.00,0.00,6.00,'Dotaz na zůstatek v bankomatu cizí banky 20 Kč, přehled o použití karty v bankomatu GE 10 Kč.\r\nCena za vklad podle http://www.vkladomat.cz/ge-money-bank.html','Vedení druhé a další dodatkové karty 59 Kč.',0.00,0.00),(38,42,1,'Maestro',1,0.00,0.00,NULL,40.00,0.00,6.00,39.00,0.00,NULL,40.00,0.00,6.00,'Dotaz na zůstatek v cizím bankomatu 20 Kč, přehled o použití karty v bankomatu GE 10 Kč.\r\nCena za vklad podle http://www.vkladomat.cz/ge-money-bank.html','no comment',0.00,0.00),(39,42,2,'Mastercard Standard',2,0.00,0.00,NULL,40.00,0.00,6.00,59.00,0.00,NULL,40.00,0.00,6.00,'Dotaz na zůstatek v cizím bankomatu 20 Kč, přehled o použití karty v bankomatu GE 10 Kč.\r\nCena za vklad podle http://www.vkladomat.cz/ge-money-bank.html','no comment',0.00,0.00),(40,42,3,'Mastercard Silver',2,0.00,0.00,NULL,40.00,0.00,6.00,NULL,NULL,NULL,NULL,NULL,NULL,'Dotaz na zůstatek v cizím bankomatu 20 Kč, přehled o použití karty v bankomatu GE 10 Kč.\r\nCena za vklad podle http://www.vkladomat.cz/ge-money-bank.html','no comment',0.00,NULL),(41,43,1,'Maestro',1,0.00,0.00,NULL,0.00,0.00,6.00,39.00,0.00,NULL,0.00,0.00,6.00,'Dotaz na zůstatek v cizím bankomatu 20 Kč, přehled o použití karty v bankomatu GE 10 Kč. Čtvrtý a další výběr z cizího bankomatu 40 Kč.\r\nCena za vklad podle http://www.vkladomat.cz/ge-money-bank.html','no comment',0.00,0.00),(42,43,2,'Mastercard Standard',2,0.00,0.00,NULL,0.00,0.00,6.00,59.00,0.00,NULL,0.00,0.00,6.00,'Dotaz na zůstatek v cizím bankomatu 20 Kč, přehled o použití karty v bankomatu GE 10 Kč. Čtvrtý a další výběr z cizího bankomatu 40 Kč.\r\nCena za vklad podle http://www.vkladomat.cz/ge-money-bank.html','no comment',0.00,0.00),(43,43,3,'Mastercard Gold',2,0.00,0.00,NULL,0.00,0.00,6.00,NULL,NULL,NULL,NULL,NULL,NULL,'Dotaz na zůstatek v cizím bankomatu 20 Kč, přehled o použití karty v bankomatu GE 10 Kč. Čtvrtý a další výběr z cizího bankomatu 40 Kč.\r\nCena za vklad podle http://www.vkladomat.cz/ge-money-bank.html','no comment',0.00,NULL),(44,44,1,'Maestro',1,0.00,0.00,NULL,40.00,0.00,6.00,39.00,0.00,NULL,40.00,0.00,6.00,'Každý pátý a další výběr z bankomatu GE 15 Kč.\r\nDotaz na zůstatek v cizím bankomatu 20 Kč, přehled o použití karty v bankomatu GE 10 Kč.\r\nCena za vklad podle http://www.vkladomat.cz/ge-money-bank.html','no comment',0.00,0.00),(45,44,2,'Mastercard Standard',2,0.00,0.00,NULL,40.00,0.00,6.00,59.00,0.00,NULL,40.00,0.00,6.00,'Každý pátý a další výběr z bankomatu GE 15 Kč.\r\nDotaz na zůstatek v cizím bankomatu 20 Kč, přehled o použití karty v bankomatu GE 10 Kč.\r\nCena za vklad podle http://www.vkladomat.cz/ge-money-bank.html','no comment',0.00,0.00),(46,45,1,'Maestro',1,0.00,0.00,NULL,40.00,0.00,6.00,39.00,0.00,NULL,40.00,0.00,6.00,'Každý pátý a další výběr z bankomatu GE 15 Kč. \r\nDotaz na zůstatek v cizím bankomatu 20 Kč, přehled o použití karty v bankomatu GE 10 Kč.\r\nCena za vklad podle http://www.vkladomat.cz/ge-money-bank.html','no comment',0.00,0.00),(47,45,2,'Mastercard Standard',2,0.00,0.00,NULL,40.00,0.00,6.00,59.00,0.00,NULL,40.00,0.00,6.00,'Každý pátý a další výběr z bankomatu GE 15 Kč. \r\nDotaz na zůstatek v cizím bankomatu 20 Kč, přehled o použití karty v bankomatu GE 10 Kč.\r\nCena za vklad podle http://www.vkladomat.cz/ge-money-bank.html','no comment',0.00,0.00),(48,46,1,'Mastercard BASIC',2,0.00,0.00,NULL,0.00,0.00,NULL,45.00,0.00,NULL,0.00,0.00,NULL,'no comment','no comment',0.00,0.00),(49,46,2,'Mastercard Standard',2,65.00,0.00,NULL,0.00,0.00,NULL,65.00,0.00,NULL,0.00,0.00,NULL,'no comment','no comment',0.00,0.00),(50,47,1,'Mastercard BASIC',2,0.00,0.00,NULL,0.00,0.00,NULL,45.00,0.00,NULL,0.00,0.00,NULL,'no comment','no comment',0.00,0.00),(51,47,2,'Mastercard Standard',2,0.00,0.00,NULL,0.00,0.00,NULL,65.00,0.00,NULL,0.00,0.00,NULL,'no comment','no comment',0.00,0.00),(52,48,1,'Mastercard BASIC',2,0.00,0.00,NULL,0.00,0.00,NULL,45.00,0.00,NULL,0.00,0.00,NULL,'no comment','no comment',0.00,0.00),(53,48,2,'Mastercard Standard',2,65.00,0.00,NULL,0.00,0.00,NULL,65.00,0.00,NULL,0.00,0.00,NULL,'no comment','no comment',0.00,0.00),(54,49,1,'Debit Mastercard',1,0.00,0.00,NULL,30.00,0.00,0.00,NULL,NULL,NULL,NULL,NULL,NULL,'Vydávána od 8 let věku klienta.','no comment',0.00,NULL),(55,50,1,'Debit Mastercard / Visa Basic',1,0.00,0.00,NULL,0.00,0.00,0.00,NULL,NULL,NULL,NULL,NULL,NULL,'no comment','no comment',0.00,NULL),(56,51,1,'Debit Mastercard / Visa Basic',1,0.00,5.00,NULL,30.00,0.00,0.00,NULL,NULL,NULL,NULL,NULL,NULL,'Při splnění podmínek pro vedení účtu zdarma jsou všechny výběry rovněž zdarma.','no comment',0.00,NULL),(57,52,1,'Mastercard Gold',1,0.00,0.00,NULL,0.00,0.00,0.00,NULL,NULL,NULL,NULL,NULL,NULL,'no comment','no comment',0.00,NULL),(58,52,2,'Debit Mastercard / Visa BASIC',1,0.00,0.00,NULL,0.00,0.00,0.00,NULL,NULL,NULL,NULL,NULL,NULL,'no comment','no comment',0.00,NULL),(59,53,1,'Debit Mastercard',2,0.00,0.00,NULL,35.00,0.00,0.00,45.00,0.00,NULL,35.00,0.00,0.00,'Každý 3. a další výběr z bankomatu ČSOB 6 Kč.','no comment',0.00,0.00),(60,53,2,'Visa Electron',1,20.00,6.00,NULL,35.00,0.00,0.00,20.00,6.00,NULL,35.00,0.00,0.00,'no comment','no comment',0.00,0.00),(61,54,1,'Debit Mastercard',2,0.00,0.00,NULL,35.00,0.00,0.00,0.00,0.00,NULL,35.00,0.00,0.00,'Každý 6. a další výběr z bankomatu ČSOB 6 Kč.','no comment',0.00,0.00),(62,54,2,'Visa Electron',1,20.00,6.00,NULL,35.00,0.00,0.00,20.00,6.00,NULL,35.00,0.00,0.00,'no comment','no comment',0.00,0.00),(64,55,1,'Mastercard Gold',2,0.00,0.00,NULL,35.00,0.00,0.00,0.00,0.00,NULL,35.00,0.00,0.00,'no comment','Debit Mastercard',0.00,0.00),(65,55,2,'Visa Electron',1,20.00,6.00,NULL,35.00,0.00,0.00,20.00,6.00,NULL,35.00,0.00,0.00,'no comment','no comment',0.00,0.00),(67,56,1,'Debit Mastercard',2,0.00,0.00,NULL,35.00,0.00,0.00,45.00,0.00,NULL,35.00,0.00,0.00,'no comment','no comment',0.00,0.00),(68,56,2,'Visa Electron',1,20.00,6.00,NULL,35.00,0.00,0.00,20.00,6.00,NULL,35.00,0.00,0.00,'no comment','no comment',0.00,0.00),(71,57,2,'Visa Electron',1,20.00,6.00,NULL,35.00,0.00,0.00,20.00,6.00,NULL,35.00,0.00,0.00,'Každý 5. a další výběr z bankomatu ČSOB 6 Kč.','no comment',0.00,0.00),(73,58,1,'Debit Mastercard',2,45.00,6.00,NULL,35.00,0.00,0.00,45.00,6.00,NULL,35.00,0.00,0.00,'no comment','no comment',0.00,0.00),(74,58,2,'Visa Electron',1,20.00,6.00,NULL,35.00,0.00,0.00,20.00,6.00,NULL,35.00,0.00,0.00,'no comment','no comment',0.00,0.00),(76,59,1,'Debit Mastercard',2,10.00,NULL,5.00,30.00,0.00,0.00,10.00,NULL,5.00,30.00,0.00,0.00,'Při vedení účtu v rámci balíčku &#039;Era spolu&#039; vedení karty zdarma pro první disponující osobu.\r\nPro osoby ve věku do 26 let první 2 výběry z bankomatu ČSOB (&#039;zpřátelené&#039; banky) v měsíci zdarma.','no comment',0.00,350.00),(77,59,2,'Visa Classic',2,42.00,NULL,5.00,30.00,0.00,0.00,42.00,NULL,5.00,30.00,0.00,0.00,'&#039;zpřátelená&#039; banka je ČSOB','no comment',0.00,350.00),(78,60,1,'Debit Mastercard',2,0.00,NULL,0.00,39.00,0.00,0.00,26.00,NULL,0.00,39.00,0.00,0.00,'no comment','no comment',0.00,350.00),(79,60,2,'Visa Classic',2,42.00,NULL,5.00,30.00,0.00,0.00,42.00,NULL,5.00,30.00,0.00,0.00,'&#039;zpřátelená&#039; banka je ČSOB','no comment',0.00,350.00),(81,62,1,'Mastercard / Visa',2,0.00,9.00,NULL,39.00,0.00,0.00,41.00,9.00,NULL,39.00,0.00,0.00,'no comment','Vedení karty ročně 490 Kč.',0.00,0.00),(82,62,2,'Visa Electron / Maestro',1,17.00,9.00,NULL,39.00,0.00,0.00,17.00,9.00,NULL,39.00,0.00,0.00,'Vedení karty ročně 200 Kč.','no comment',0.00,0.00),(83,63,1,'Mastercard / Visa',2,0.00,9.00,NULL,39.00,0.00,0.00,41.00,9.00,NULL,39.00,0.00,0.00,'no comment','Vedení karty ročně 490 Kč.',0.00,0.00),(84,63,2,'Visa Electron / Maestro',1,17.00,9.00,NULL,39.00,0.00,0.00,17.00,9.00,NULL,39.00,0.00,0.00,'Vedení karty ročně 200 Kč.','no comment',0.00,0.00),(86,63,3,'e-Card',3,6.00,NULL,NULL,NULL,NULL,NULL,NULL,NULL,NULL,NULL,NULL,NULL,'Vedení karty ročně 65 Kč.','no comment',0.00,NULL),(87,62,3,'e-Card',3,6.00,NULL,NULL,NULL,NULL,NULL,NULL,NULL,NULL,NULL,NULL,NULL,'Vedení karty ročně 65 Kč.','no comment',0.00,NULL),(88,64,1,'Mastercard / Visa',2,41.00,9.00,NULL,39.00,0.00,0.00,41.00,9.00,NULL,39.00,0.00,0.00,'Vedení karty ročně 490 Kč.','no comment',0.00,0.00),(89,64,2,'Visa Electron / Maestro',1,17.00,9.00,NULL,39.00,0.00,0.00,17.00,9.00,NULL,39.00,0.00,0.00,'Vedení karty ročně 200 Kč.','no comment',0.00,0.00),(90,64,3,'e-Card',3,6.00,NULL,NULL,NULL,NULL,NULL,NULL,NULL,NULL,NULL,NULL,NULL,'Vedení karty ročně 65 Kč.','no comment',0.00,NULL),(91,65,1,'Prima karta (Maestro)',1,0.00,0.00,NULL,39.00,0.00,0.00,NULL,NULL,NULL,NULL,NULL,NULL,'Dotaz na zůstatek v bankomatu 2.50 Kč, dotaz v cizím bankomatu 10 Kč.','no comment',0.00,NULL),(92,66,1,'Mastercard / Visa',2,41.00,9.00,NULL,39.00,0.00,0.00,41.00,9.00,NULL,39.00,0.00,0.00,'Vedení karty ročně 490 Kč.','no comment',0.00,0.00),(93,66,2,'Visa Electron / Maestro',1,17.00,9.00,NULL,39.00,0.00,0.00,17.00,9.00,NULL,39.00,0.00,0.00,'Vedení karty ročně 200 Kč.','no comment',0.00,0.00),(94,66,3,'e-Card',3,6.00,NULL,NULL,NULL,NULL,NULL,NULL,NULL,NULL,NULL,NULL,NULL,'Vedení karty ročně 65 Kč.','no comment',0.00,NULL),(95,67,1,'Mastercard / Visa',2,0.00,9.00,NULL,39.00,0.00,0.00,41.00,9.00,NULL,39.00,0.00,0.00,'no comment','Vedení karty ročně 490 Kč.',0.00,0.00),(96,67,2,'Visa Electron / Maestro',1,17.00,9.00,NULL,39.00,0.00,0.00,17.00,9.00,NULL,39.00,0.00,0.00,'Vedení karty ročně 200 Kč.','no comment',0.00,0.00),(97,67,3,'e-Card',3,0.00,NULL,NULL,NULL,NULL,NULL,NULL,NULL,NULL,NULL,NULL,NULL,'no comment','no comment',0.00,NULL),(98,67,4,'Zlatá karta (Mastercard)',2,0.00,9.00,NULL,39.00,0.00,0.00,0.00,9.00,NULL,39.00,0.00,0.00,'Za každou platbu kartou u obchodníka banka vrací jakýkoli poplatek za výběr z bankomatun, i cizí banky (ve stejném pořadí, jak byly výběry realizovány).','Každá další za roční poplatek 2990 Kč.',0.00,0.00),(99,67,5,'Platinum Visa',2,0.00,0.00,NULL,0.00,0.00,0.00,409.00,0.00,NULL,0.00,0.00,0.00,'Na kartu se nevztahuje poplatek na dotaz na zůstatek z kteréhokoli bankomatu.','Roční poplatek za vedení 4900 Kč.',0.00,0.00),(100,68,1,'Maestro/Visa Electron',1,0.00,5.00,10.00,37.00,0.00,NULL,19.00,5.00,10.00,37.00,0.00,NULL,'no comment','no comment',0.00,0.00),(101,68,2,'Mastercard Standard/Visa Classic',2,29.00,5.00,10.00,37.00,0.00,NULL,29.00,5.00,10.00,37.00,0.00,NULL,'no comment','no comment',0.00,0.00),(102,68,3,'Mastercard Gold/Visa Gold',2,350.00,5.00,10.00,37.00,0.00,NULL,350.00,5.00,10.00,37.00,0.00,NULL,'no comment','no comment',0.00,0.00),(103,69,1,'Maestro/Visa Electron',1,0.00,5.00,10.00,37.00,0.00,NULL,0.00,5.00,10.00,37.00,0.00,NULL,'no comment','no comment',0.00,0.00),(104,69,2,'Mastercard Standard/Visa Classic',2,0.00,5.00,10.00,37.00,0.00,NULL,0.00,5.00,10.00,37.00,0.00,NULL,'no comment','no comment',0.00,0.00),(105,69,3,'Mastercard Gold/Visa Gold',2,350.00,5.00,10.00,37.00,0.00,NULL,350.00,5.00,10.00,37.00,0.00,NULL,'no comment','no comment',0.00,0.00),(106,70,1,'Maestro/Visa Electron',1,0.00,0.00,0.00,0.00,0.00,NULL,0.00,0.00,0.00,0.00,0.00,NULL,'no comment','no comment',0.00,0.00),(107,70,2,'Mastercard Standard/Visa Classic',2,0.00,0.00,0.00,0.00,0.00,NULL,0.00,0.00,0.00,0.00,0.00,NULL,'no comment','no comment',0.00,0.00),(108,70,3,'Mastercard Gold/Visa Gold',2,350.00,0.00,0.00,0.00,0.00,NULL,350.00,0.00,0.00,0.00,0.00,NULL,'no comment','no comment',0.00,0.00),(109,71,1,'Maestro/Visa Electron',1,19.00,5.00,10.00,37.00,0.00,NULL,19.00,5.00,10.00,37.00,0.00,NULL,'no comment','no comment',0.00,0.00),(110,71,2,'Mastercard Standard/Visa Classic',2,41.00,5.00,10.00,37.00,0.00,NULL,41.00,5.00,10.00,37.00,0.00,NULL,'no comment','no comment',0.00,0.00),(111,71,3,'Mastercard Gold/Visa Gold',2,350.00,5.00,10.00,37.00,0.00,NULL,350.00,5.00,10.00,37.00,0.00,NULL,'no comment','no comment',0.00,0.00),(112,72,1,'Maestro',1,60.00,NULL,NULL,6.50,NULL,NULL,NULL,NULL,NULL,NULL,NULL,NULL,'no comment','no comment',0.00,NULL),(113,72,2,'Mastercard Standard',2,65.00,NULL,NULL,6.50,NULL,NULL,NULL,NULL,NULL,NULL,NULL,NULL,'no comment','no comment',0.00,NULL),(114,72,3,'Mastercard Gold',2,350.00,NULL,NULL,6.50,NULL,NULL,NULL,NULL,NULL,NULL,NULL,NULL,'no comment','no comment',0.00,NULL),(115,73,1,'Maestro',1,60.00,NULL,NULL,6.50,NULL,NULL,NULL,NULL,NULL,NULL,NULL,NULL,'no comment','no comment',0.00,NULL),(116,73,2,'Mastercard Standard',2,65.00,NULL,NULL,6.50,NULL,NULL,NULL,NULL,NULL,NULL,NULL,NULL,'Volitelná výhoda č. 2.','no comment',0.00,NULL),(117,73,3,'Mastercard Gold',2,350.00,NULL,NULL,6.50,NULL,NULL,NULL,NULL,NULL,NULL,NULL,NULL,'no comment','no comment',0.00,NULL);
/*!40000 ALTER TABLE `ceny_karty` ENABLE KEYS */;
UNLOCK TABLES;

--
-- Table structure for table `ucty`
--

DROP TABLE IF EXISTS `ucty`;
/*!40101 SET @saved_cs_client     = @@character_set_client */;
/*!40101 SET character_set_client = utf8 */;
CREATE TABLE `ucty` (
  `ucet_ID` int(3) NOT NULL AUTO_INCREMENT,
  `ucet_kod_banky` char(4) COLLATE utf8_czech_ci NOT NULL,
  `ucet_nazev` varchar(55) COLLATE utf8_czech_ci NOT NULL,
  `ucet_typ` varchar(45) COLLATE utf8_czech_ci NOT NULL,
  `ucet_mena` char(3) COLLATE utf8_czech_ci NOT NULL,
  `ucet_min_limit` decimal(10,2) unsigned DEFAULT NULL,
  `ucet_urok` decimal(3,2) unsigned DEFAULT NULL,
  `ucet_vek_od` int(3) unsigned DEFAULT NULL,
  `ucet_vek_do` int(3) unsigned DEFAULT NULL,
  `ucet_www` varchar(200) COLLATE utf8_czech_ci DEFAULT NULL,
  `ucet_koment` text COLLATE utf8_czech_ci,
  PRIMARY KEY (`ucet_ID`),
  UNIQUE KEY `iducty_UNIQUE` (`ucet_ID`),
  UNIQUE KEY `ucet_nazev_UNIQUE` (`ucet_nazev`)
) ENGINE=InnoDB AUTO_INCREMENT=79 DEFAULT CHARSET=utf8 COLLATE=utf8_czech_ci;
/*!40101 SET character_set_client = @saved_cs_client */;

--
-- Dumping data for table `ucty`
--

LOCK TABLES `ucty` WRITE;
/*!40000 ALTER TABLE `ucty` DISABLE KEYS */;
INSERT INTO `ucty` VALUES (35,'0800','Osobní Účet ČS II','bezny','CZK',100.00,0.01,0,99,'http://www.csas.cz/banka/nav/osobni-finance/osobni-ucet-cs-ii/o-produktu-d00022392','Podmínky různé dle věkových kategorií.\r\nMin limit vložit do 14 dní od založení účtu. Neplatí v případě sjednaného kontokorentu. Nepovolený debet se úročí podle ceníku.\r\nDodatkové služby Peníze stranou, Rodina..'),(36,'6210','mKonto','bezny','CZK',0.00,0.00,18,99,'http://www.mbank.cz/osobni/ucty/mkonto/index.html ','no comment'),(37,'6100','Běžný účet Equa bank','bezny','CZK',0.00,0.01,18,99,'http://www.equabank.cz/produkty/ucty/bezny-ucet/','no comment'),(38,'3030','Air Bank Malý tarif','bezny','CZK',0.00,0.00,18,99,'https://www.airbank.cz/cs/bezny-ucet/proc-bezny-ucet/','Úrok 1.10% při alespoň 5 platbách kartou a zůstatku do 100000 Kč.\r\nPři neúměrném používání, tj. opakovaně více jak 15 výběrů z bankomatu cizí banky a u Sazky za měsíc, banka přepne z Velkého tarifu na Malý.\r\nMožno otevřít až 10 účtů na osobu.'),(39,'3030','Air Bank Velký tarif','bezny','CZK',0.00,0.00,18,99,'https://www.airbank.cz/cs/bezny-ucet/proc-bezny-ucet/','Úrok a podmínky viz Malý tarif'),(40,'2010','Fio osobní účet','bezny','CZK',100.00,0.00,0,99,'http://www.fio.cz/bankovni-sluzby/bankovni-ucty/osobni-ucet','no comment'),(41,'2310','Zuno ÚČET','bezny','CZK',0.00,0.60,18,99,'http://www.zuno.cz/produkty/bankovni-ucet-zadarmo/','Disponent může být pouze majitel.'),(42,'2310','Zuno ÚČET Plus','bezny','CZK',0.00,0.60,18,99,'http://www.zuno.cz/produkty/bankovni-ucet-zadarmo/','Disponent může být pouze majitel.'),(43,'0600','Konto Dětský Genius','bezny-det','CZK',200.00,2.50,0,15,'https://www.gemoney.cz/lide/ucty/detsky-genius','Od zůstatku 30000 Kč a více úrok 0.01%.\r\nPo dosažení 15 let věku automaticky převod na Konto Genius Student.'),(44,'0600','Konto Genius Student','bezny-stu','CZK',200.00,0.01,15,27,'https://www.gemoney.cz/lide/ucty/genius-student','Pro studenty denního studia na ZŠ, OU, SŠ, VOŠ, VŠ nebo jazykové škole.\r\nPo dosažení 27 let automaticky převod na Konto Genius Active.'),(45,'0600','Konto Genius Start','bezny','CZK',200.00,0.01,18,99,'https://www.gemoney.cz/lide/ucty/bezne-ucty-genius','no comment'),(46,'0600','Konto Genius Active','bezny','CZK',200.00,0.01,15,99,'https://www.gemoney.cz/lide/ucty/bezne-ucty-genius','no comment'),(47,'0600','Konto Genius Silver','bezny','CZK',200.00,0.01,15,99,'https://www.gemoney.cz/lide/ucty/bezne-ucty-genius','no comment'),(48,'0600','Konto Genius Gold','bezny','CZK',200.00,0.01,15,99,'https://www.gemoney.cz/lide/ucty/bezne-ucty-genius','no comment'),(49,'0600','Genius Free&Flexi','bezny','CZK',200.00,0.01,15,99,'https://www.gemoney.cz/lide/ucty/bezne-ucty-genius','no comment'),(50,'0600','Genius bene+','bezny','CZK',200.00,0.01,15,99,'https://www.gemoney.cz/lide/ucty/bezne-ucty-genius','Pouze pro nové klienty.'),(51,'5500','eKonto SMART','bezny','CZK',500.00,0.01,12,99,'http://www.rb.cz/osobni-finance/bezne-ucty/ekonto-smart/','no comment'),(52,'5500','eKonto KOMPLET','bezny','CZK',500.00,0.01,12,99,'http://www.rb.cz/osobni-finance/bezne-ucty/ekonto-komplet/','no comment'),(53,'5500','eKonto STUDENT','bezny-stu','CZK',0.00,0.01,12,26,'http://www.rb.cz/osobni-finance/bezne-ucty/ostatni-ucty/','no comment'),(54,'2700','Dětské konto','bezny-det','CZK',0.00,2.00,0,15,'https://www.unicreditbank.cz/web/obcane/ucty-a-konta/detske-konto','Při zůstatku 30000 Kč a více úrok 0.01%.\r\nBankovnictví slouží pouze k náhledu.\r\nPo dosažení 15 let věku klienta je konto převedeno na \"U konto\".'),(55,'2700','U konto pro mladé','bezny-stu','CZK',0.00,0.00,15,27,'https://www.unicreditbank.cz/web/obcane/ucty-a-konta/u-konto-pro-mlade','Garance podmínek na 10 let.'),(56,'2700','U konto','bezny','CZK',0.00,0.00,27,99,'https://www.unicreditbank.cz/web/obcane/ucty-a-konta/u-konto','Garance podmínek na 10 let.'),(57,'2700','Konto PREMIUM','bezny','CZK',0.00,0.01,18,99,'https://www.unicreditbank.cz/web/obcane/ucty-a-konta/konto-premium','Garance podmínek na 10 let.'),(58,'0300','ČSOB Konto','bezny','CZK',200.00,0.01,18,99,'http://www.csob.cz/cz/Lide/Ucty-a-platby/Stranky/CSOB-konto.aspx','no comment'),(59,'0300','ČSOB Aktivní konto','bezny','CZK',200.00,0.01,18,99,'http://www.csob.cz/cz/Lide/Ucty-a-platby/Stranky/CSOB-Aktivni-konto.aspx','no comment'),(60,'0300','ČSOB Exkluzivní konto','bezny','CZK',200.00,0.01,18,99,'http://www.csob.cz/cz/Lide/Ucty-a-platby/Stranky/CSOB-Exkluzivni-konto.aspx','no comment'),(61,'0300','ČSOB Studentské konto','bezny-stu','CZK',200.00,0.01,15,30,'http://www.csob.cz/cz/Lide/Ucty-a-platby/Stranky/CSOB-Studentske-konto.aspx','I pro absolventy vysokých škol a vyšších odborných škol po předložení absolventského diplomu, který není starší než 12 měsíců.\r\nPo dostudování bude studentské konto automaticky převedeno na ČSOB Aktivní konto, jehož vedení bude na 1 rok zdarma.'),(62,'0300','ČSOB Dětské konto Slůně','bezny-det','CZK',100.00,2.50,0,15,'http://www.csob.cz/cz/Lide/Ucty-a-platby/Stranky/CSOB-Detske-konto-Slune.aspx','Při zůstatku od 25 000 Kč do 999 999 Kč úrok 1%, při zůstatku 1000000 Kč a více úrok 0.01%.'),(63,'0300','Era osobní účet','bezny','CZK',200.00,0.01,10,99,'https://www.erasvet.cz/fyzicke-osoby/ucty/stranky/osobni-ucet/popis-produktu.aspx','no comment'),(64,'0300','Era online účet','bezny','CZK',200.00,0.01,18,99,'https://www.erasvet.cz/fyzicke-osoby/ucty/stranky/online-ucet/popis.aspx','Při přechodu z Era Osobního účtu na Online účet 50 Kč.'),(65,'0300','Era první konto','bezny-det','CZK',500.00,0.01,0,18,'https://www.erasvet.cz/fyzicke-osoby/sporeni-a-investice/stranky/prvni-konto/popis-produktu.aspx','Při zůstatku od 5000 do 100000 Kč úrok 1.30%, nad 100000 Kč úrok 0.50%.\r\nK účtu se nenabízí platební karta.\r\nOd 10 let věku možnost převést na Era osobní účet, po dovršení 18 let je převod automaticky.'),(66,'0300','Běžný účet ČSOB','bezny','CZK',200.00,0.01,18,99,'http://www.csob.cz/cz/Lide/Ucty-a-platby/Stranky/Bezny-devizovy-ucet.aspx','no comment'),(67,'0100','MůjÚčet','bezny','CZK',300.00,0.00,18,99,'http://www.kb.cz/cs/lide/obcane/ucty-a-platby/mujucet.shtml','Účet spadá do konceptu MojeOdměny - http://www.mojeodmeny.cz/. Ten zahrnuje 4 podmínky níže pro získání výhody. 1 splněná podmínka znamená zvýhodnění o 50%, 2 a více splněných podmínek 100% zvýhodnění u vybraných položek.\r\n1. Došlá platba na účet měsíčně\r\n2. Vlastnictví kreditní karty, úvěru či hypotéky od KB a/nebo společnosti Modrá pyramida stavební spořitelna\r\n3. Objem prostředků uložených u KB a/nebo u společností Modrá pyramida stavební spořitelna, a.s. a/nebo Komerční pojišťovna, a.s. a/nebo KB Penzijní společnost, a.s. a/nebo Investiční kapitálová společnost KB, a.s. ≥ 100 000 Kč\r\n4. Pravidelná měsíční úložka v libovolné výši u KB (termínované a spořicí účty) a/nebo v rámci produktů společností Modrá pyramida stavební spořitelna, a.s. a/nebo Komerční pojišťovna, a.s. a/nebo KB Penzijní společnost, a.s. a/nebo Investiční kapitálová Společnost KB, a.s.'),(68,'0100','Konto G2.2','bezny-stu','CZK',300.00,0.00,15,30,'http://www.kb.cz/cs/lide/mladez-a-studenti/ucty-a-platby/g2-2.shtml','Účet spadá do konceptu MojeOdměny - http://www.mojeodmeny.cz/. Ten zahrnuje 4 podmínky níže pro získání výhody. Pro klienty ve věku od 26 let znamená 1 splněná podmínka zvýhodnění 100%, do 26 let je 100% automaticky.\r\n1. Došlá platba na účet měsíčně\r\n2. Vlastnictví kreditní karty, úvěru či hypotéky od KB a/nebo společnosti Modrá pyramida stavební spořitelna\r\n3. Objem prostředků uložených u KB a/nebo u společností Modrá pyramida stavební spořitelna, a.s. a/nebo Komerční pojišťovna, a.s. a/nebo KB Penzijní společnost, a.s. a/nebo Investiční kapitálová společnost KB, a.s. ≥ 100 000 Kč\r\n4. Pravidelná měsíční úložka v libovolné výši u KB (termínované a spořicí účty) a/nebo v rámci produktů společností Modrá pyramida stavební spořitelna, a.s. a/nebo Komerční pojišťovna, a.s. a/nebo KB Penzijní společnost, a.s. a/nebo Investiční kapitálová Společnost KB, a.s.'),(69,'0100','Běžný účet KB','bezny','CZK',1000.00,0.00,18,99,'http://www.kb.cz/cs/firmy/firmy-s-obratem-pod-60-milionu/bezny-ucet-v-kc.shtml','no comment'),(70,'0100','Dětské konto Beruška','bezny-det','CZK',300.00,1.00,0,15,'http://www.kb.cz/cs/lide/mladez-a-studenti/ucty-a-platby/detske-konto.shtml','Při zůstatku nad 30000 Kč úrok 0.05%.'),(71,'0100','TOP nabídka','bezny','CZK',300.00,0.05,18,99,'http://www.kb.cz/cs/lide/obcane/top-nabidka.shtml','Při zůstatku od 3 do 100 mil. Kč úrok 0.10%, od 100 do 250 mil. Kč úrok 0.05%, nad 250 mil. Kč úrok 0.00%.\r\nÚčet spadá do konceptu MojeOdměny, viz např. MůjÚčet.'),(72,'0100','KB Start konto','bezny','CZK',1000.00,0.00,18,99,'http://www.kb.cz/cs/lide/obcane/ucty-a-platby/kb-start-konto.shtml','Minimální limit odvozen od minimálního limitu Běžného účtu KB.\r\nKonto je určeno pouze klientům se smlouvou na určitou Bankovní službu.'),(73,'6800','FÉR Konto START','bezny','CZK',0.00,0.01,0,99,'http://www.sberbankcz.cz/obcane/ucty/fer-konto','Při zůstatku nad 1 mil. Kč je úrok individuální.'),(74,'6800','FÉR Konto PLUS','bezny','CZK',0.00,0.01,0,99,'http://www.sberbankcz.cz/obcane/ucty/fer-konto','Při zůstatku nad 1 mil. Kč je úrok individuální.'),(75,'6800','FÉR Konto EXTRA','bezny','CZK',0.00,0.01,0,99,'http://www.sberbankcz.cz/obcane/ucty/fer-konto','Při zůstatku nad 1 mil. Kč je úrok individuální.'),(76,'6800','Běžný účet Sberbank','bezny','CZK',0.00,0.01,18,99,'http://www.sberbankcz.cz/obcane/ucty/bezny-ucet','Při zůstatku nad 1 mil. Kč je úrok individuální.'),(77,'4000','Konto 5 za 50','bezny','CZK',0.00,0.00,18,99,'http://www.expobank.cz/cs/nasi-klienti/osobni-bankovnictvi/konta-a-ucty/konto-5-za-50.shtml','K účtu je na výběr 5 výhod z cca 12. Jednou z nich je úročení 0.25%.\r\nVýhody: (1)Expo Direct zdarma v rámci balíčku, (2)1 debetní platební karta MasterCard Standard zdarma v rámci balíčku při dosažení minimálního měsíčního objemu bezhotovostních transakcí kartou ve výši 5000 Kč, (3)1 dodatková debetní platební karta dle volby klienta poloviční měsíční poplatek při dosažení minimálního měsíčního objemu bezhotovostních transakcí kartou ve výši 5000 Kč, (4)Zvýhodněné úročení zdarma v rámci balíčku, (5)Provedení prvních 5 odchozích tuzemských plateb v Kč zadaných elektronicky v měsíci (standardní jednorázové příkazy i platby na základě trvalých příkazů) zdarma v rámci balíčku, možno vybrat až 3 krát, (6)4 inkasa v Kč z účtu měsíčně zdarma v rámci balíčku, (7)Tuzemské příchozí platby v Kč zdarma v rámci balíčku, (8)Propojení se spořicím účtem založené na principu automatických převodů zdarma v rámci balíčku, (9)Automatické převody mezi Kontem 5 za 50 a spořicím účtem zdarma, (10)Změna limitu v případě propojení se spořicím účtem zdarma, (11)Poskytnutí telefonických informací o zůstatku na účtu zdarma (jinak 150 Kč?), (12)IQkredit – od 01.01.2015 se nenabízí, zdarma v rámci balíčku (účtován je pouze Poplatek za rezervaci zdrojů).'),(78,'4000','Běžný účet Expobank','bezny','CZK',100.00,0.00,18,99,'http://www.expobank.cz/cs/nasi-klienti/osobni-bankovnictvi/konta-a-ucty/bezny-ucet.shtml','no comment');
/*!40000 ALTER TABLE `ucty` ENABLE KEYS */;
UNLOCK TABLES;

--
-- Table structure for table `ucty_ceny`
--

DROP TABLE IF EXISTS `ucty_ceny`;
/*!40101 SET @saved_cs_client     = @@character_set_client */;
/*!40101 SET character_set_client = utf8 */;
CREATE TABLE `ucty_ceny` (
  `cena_id` int(4) NOT NULL AUTO_INCREMENT,
  `cena_ucet_id` int(3) NOT NULL,
  `cena_platnost_od` date NOT NULL,
  `cena_zrizeni` decimal(10,2) DEFAULT '0.00',
  `cena_zruseni` decimal(10,2) DEFAULT '0.00',
  `cena_vedeni` decimal(10,2) DEFAULT NULL,
  `cena_vedeni_podm` tinyint(4) DEFAULT '0',
  `cena_vypis_e` decimal(10,2) DEFAULT NULL,
  `cena_vypis_p` decimal(10,2) DEFAULT NULL,
  `cena_prichozi1` decimal(10,2) DEFAULT NULL,
  `cena_prichozi2` decimal(10,2) DEFAULT NULL,
  `cena_odchozi_tp1` decimal(10,2) DEFAULT NULL,
  `cena_odchozi_tp2` decimal(10,2) DEFAULT NULL,
  `cena_odchozi_online1` decimal(10,2) DEFAULT NULL,
  `cena_odchozi_online2` decimal(10,2) DEFAULT NULL,
  `cena_trans_bal` decimal(10,2) DEFAULT NULL,
  `cena_trans_bal_typ` tinyint(4) DEFAULT NULL,
  `cena_koment_JP` text COLLATE utf8_czech_ci,
  `cena_koment_PP` text COLLATE utf8_czech_ci,
  `cena_koment_trans` text COLLATE utf8_czech_ci,
  `cena_koment_karta` text COLLATE utf8_czech_ci,
  PRIMARY KEY (`cena_id`)
) ENGINE=InnoDB AUTO_INCREMENT=74 DEFAULT CHARSET=utf8 COLLATE=utf8_czech_ci;
/*!40101 SET character_set_client = @saved_cs_client */;

--
-- Dumping data for table `ucty_ceny`
--

LOCK TABLES `ucty_ceny` WRITE;
/*!40000 ALTER TABLE `ucty_ceny` DISABLE KEYS */;
INSERT INTO `ucty_ceny` VALUES (30,35,'2014-10-20',0.00,0.00,69.00,1,0.00,25.00,0.00,2.00,5.00,7.00,5.00,NULL,29.00,2,'Zřízení TP je zřejmě jednotné pro všechny typy bankingu','Vedení účtu je podmíněno věkem. \r\n- Senioři (po předložení příslušného dokladu o pobírání starobního nebo plně invalidního důchodu z důchodového pojištění.) 59 Kč\r\n- Fresh účet pro mladé zdarma (0-21 všichni, 21-30 pouze studenti denního studia na VŠ, VOŠ nebo jazykové škole, i zahraniční - od 26 let dokládat každý rok, nejdříve 3 měsíce před narozeninami)\r\n- při splnění věrnostních podmínek zdarma, tj.měsíční příjem >= 7000 Kc + jedna z těchto:\r\n – řádné splácení úvěru,\r\n – řádné splácení hypotéky,\r\n – používání kreditní karty,\r\n – pravidelné investování,\r\n – řádné hrazení životního pojištění FLEXI,\r\n – kapitálová hodnota životního pojištění FLEXI nebo hodnota zainvestovaných prostředků alespoň 100 000 Kč,\r\n – využívání Podnikatelského konta Maxi\r\n\r\nVedení bankingu - 25 Kč zahrnuje IB,MB i TB v jednom (tzv. Servis 24)','Balíček transakcí - Díky této službě budete mít zdarma všechny odchozí elektronické platby v Kč v rámci České republiky, včetně trvalých plateb, souhlasů\r\ns inkasem a SIPO. Elektronické platby jsou jednorázové platby, které si zadáte sami bez naší pomoci, tedy přes internetbanking, mobilní banku, GSM banking, automatickou hlasovou službu, bankomat a platbomat. Nebudete platit nic navíc ani za platbu v internetovém obchodě\r\nprostřednictvím naší služby Platba 24 ani za dobití mobilního telefonu přes internetbanking nebo bankomat.\r\n\r\nOdchozí přes TB platí při obsluze bankéřem, přes automat jen 5 (7) Kč','no comment'),(31,36,'2014-05-06',0.00,0.00,0.00,0,0.00,30.00,0.00,0.00,0.00,0.00,0.00,NULL,NULL,0,'TB = mLinka','no comment','no comment','no comment'),(32,37,'2014-12-13',0.00,0.00,0.00,1,0.00,29.00,0.00,0.00,0.00,0.00,NULL,NULL,NULL,0,'no comment','Při neaktivitě Vedení účtu 99 Kč. Aktivitou se rozumí dodržení alespoň jedné z následujících podmínek:\r\n- v daném měsíci máte alespoň tři zaúčtované platby provedené bezkontaktní platební kartou Debit MasterCard vydanou Equa bank (za platbu\r\nkartou se nepovažuje výběr z bankomatu),\r\n- v daném měsíci dosahuje součet příchozích transakcí na Váš běžný účet v CZK alespoň 10 000 Kč (do součtu nezahrnujeme převody mezi Vašimi\r\núčty, převody z ukončených termínovaných vkladů a připsané úroky),\r\n- celkový zůstatek na Vašich účtech v Equa bank neklesne pod 100 000 Kč (je-li některý z běžných, spořicích, či termínovaných účtů veden v cizí\r\nměně, je zůstatek převeden do české koruny směnným kurzem deviza střed),\r\n- v Equa bank splácíte hypoteční nebo spotřebitelský úvěr.','no comment','no comment'),(33,38,'2014-07-08',0.00,0.00,0.00,1,0.00,25.00,0.00,0.00,0.00,0.00,NULL,NULL,NULL,0,'no comment','no comment','no comment','no comment'),(34,39,'2014-07-08',0.00,0.00,100.00,1,0.00,0.00,0.00,0.00,0.00,0.00,NULL,NULL,NULL,0,'no comment','no comment','no comment','no comment'),(35,40,'2014-10-01',0.00,0.00,0.00,0,0.00,25.00,0.00,5.00,0.00,0.00,0.00,NULL,NULL,0,'TB se nenabízí','Za papírový výpis navíc poštovné mezi 15.73 Kč až 71.39 Kč, dle ceníku České pošty za Obyčejný balík.','Příchozí2 = pro účet Fio u ČSOB','no comment'),(36,41,'2014-11-01',0.00,0.00,0.00,0,0.00,48.00,0.00,0.00,0.00,0.00,NULL,NULL,NULL,0,'TB = Kontaktní centrum\r\nAutopilot, automatické přesouvání prostředků ze spoření, 18 Kč/měs.','no comment','no comment','no comment'),(37,42,'2014-11-01',0.00,0.00,0.00,0,0.00,48.00,0.00,0.00,0.00,0.00,NULL,NULL,NULL,0,'no comment','no comment','no comment','no comment'),(38,43,'2014-10-01',0.00,0.00,0.00,0,0.00,25.00,0.00,0.00,NULL,NULL,NULL,NULL,NULL,0,'Odchozí platby přes IB nejsou možné.\r\nIB = Internet Banka Mini','no comment','Odchozí platby nejsou přes IB možné.','no comment'),(39,44,'2014-10-01',0.00,0.00,0.00,0,0.00,25.00,0.00,0.00,8.00,8.00,6.00,NULL,NULL,0,'no comment','no comment','no comment','no comment'),(40,45,'2014-10-01',0.00,0.00,59.00,0,0.00,25.00,6.00,6.00,8.00,8.00,6.00,NULL,NULL,0,'no comment','no comment','no comment','no comment'),(41,46,'2014-10-01',0.00,0.00,139.00,1,0.00,25.00,0.00,0.00,0.00,0.00,0.00,NULL,NULL,0,'no comment','Vedení účtu zdarma při průměrném měsíčním zůstatku 250000 Kč a více.','no comment','no comment'),(42,47,'2014-10-01',0.00,0.00,199.00,1,0.00,25.00,0.00,0.00,0.00,0.00,0.00,NULL,NULL,0,'no comment','Při měsíčním kreditním příjmu 25000 Kč na účtu vedení 149 Kč.','no comment','no comment'),(43,48,'2014-10-01',0.00,0.00,469.00,1,0.00,25.00,0.00,0.00,0.00,0.00,0.00,NULL,NULL,0,'no comment','Při měsíčním kreditním příjmu na účet 40000 Kč a více vedení 169 Kč, při celkové hodnotě vkladu u GE 1000000 Kč a více ke 20. dni v měsíci vedení zdarma.','no comment','no comment'),(44,49,'2014-03-15',0.00,0.00,0.00,1,0.00,25.00,0.00,0.00,0.00,0.00,0.00,NULL,NULL,0,'no comment','Při měsíčním kreditním příjmu na účet do 7000 Kč vedení účtu 149 Kč.','no comment','no comment'),(45,50,'2014-12-12',0.00,0.00,0.00,1,0.00,25.00,0.00,0.00,0.00,0.00,0.00,NULL,NULL,0,'no comment','Při kreditním příjmu na účet do 10000 Kč vedení účtu 149 Kč. Při splnění podmínky k vedení účtu zdarma a součtu měsíčních transakcí u obchodníků 5000 Kč a více (nepočítají se platby z bankomatů) je připsán bonus 50 Kč.','no comment','no comment'),(46,51,'2014-12-01',0.00,0.00,0.00,1,0.00,30.00,0.00,0.00,0.00,0.00,0.00,NULL,NULL,0,'no comment','Vedení účtu zdarma při kreditním obratu na účtu nejméně 15000 Kč a zároveň alespoň tři odchozí platby z účtu měsíčně. Při nesplnění podmínek vedení účtu 99 Kč.','Pokud je první platba TP k jinému datu, než zbytek, pak je tato zpoplatněna 50 Kč.','no comment'),(47,52,'2014-12-01',0.00,0.00,129.00,1,0.00,30.00,0.00,0.00,0.00,0.00,0.00,NULL,NULL,0,'no comment','Vedení účtu platí při kreditním obratu na účtu nejméně 15000 Kč a zároveň alespoň tři odchozí platby z účtu měsíčně. Při nesplnění podmínek vedení účtu 250 Kč.','no comment','no comment'),(48,53,'2014-12-01',0.00,0.00,49.00,1,0.00,30.00,0.00,0.00,0.00,0.00,0.00,NULL,NULL,0,'no comment','Klienti mladší 18 let nejsou povinni k úhradě paušálního poplatku, pakliže v rámci tarifu eKonto STUDENT nesjednali vydání platební karty k Účtu. Platí pro Smlouvy sjednané od 20. 9. 2014.','no comment','no comment'),(49,54,'2015-01-01',0.00,0.00,0.00,0,0.00,20.00,0.00,0.00,NULL,NULL,NULL,NULL,NULL,0,'no comment','no comment','no comment','no comment'),(50,55,'2015-01-01',0.00,0.00,0.00,0,0.00,20.00,0.00,0.00,0.00,0.00,NULL,0.00,NULL,0,'no comment','no comment','Odchozi Online jen přes Mobito','no comment'),(51,56,'2015-01-01',0.00,0.00,199.00,1,0.00,20.00,0.00,0.00,3.00,6.00,NULL,0.00,NULL,0,'no comment','První 2 měsíce a následně při bezhotovostním kreditním měsíčním obratu 12000 Kč a více vedení účtu zdarma.','Odchozi Online jen přes Mobito\r\nPři splnění podmínky pro vedení účtu zdarma jsou všechny odchozí transakce rovněž zdarma.','no comment'),(52,57,'2015-01-01',0.00,0.00,499.00,1,0.00,20.00,0.00,0.00,0.00,0.00,NULL,0.00,NULL,0,'no comment','Čtvrtletní papírový výpis zdarma.\r\nPrvní 2 měsíce a pak při bezhotovostním kreditním měsíčním obratu na hlavním účtu 50000 Kč a více nebo celkový objem vkladu u Unicredit Bank k 20. dni v měsíci 1000000 Kč a více je vedení účtu zdarma.','Odchozi Online jen přes Mobito','no comment'),(53,58,'2014-09-01',0.00,0.00,55.00,0,0.00,13.00,0.00,0.00,0.00,0.00,0.00,NULL,NULL,0,'no comment','no comment','Za každou 3. a další odchozí platbu (vč.TP a Online) zadanou přes IB nebo MB 3 Kč. Každý odchozí TP zadaný přes TB 6 Kč.','Počet výběrů se sčítá ke všem kartám vydaným ke kontu. K účtu jsou 3 výběry z bankomatu ČSOB zdarma.\r\nDotaz na zůstatek v cizím bankomatu 9 Kč.'),(54,59,'2014-09-01',0.00,0.00,95.00,1,0.00,13.00,0.00,0.00,0.00,0.00,0.00,NULL,NULL,0,'no comment','Vedení účtu je zdarma, pokud je klient i majitelem ČSOB Firemního konta nebo ČSOB Obchodního konta nebo pokud je majitelem ČSOB Podnikatelského konta, na kterém dosáhl průměrného měsíčního kreditního obratu vyššího než 100 000 Kč za poslední 3 měsíce – platí pro fyzické osoby podnikatele. Zároveň při automatickém převodu z ČSOB Studentského konta je ČSOB Aktivní konto vedeno 12 měsíců zdarma. ','Za každou 11. a další odchozí platbu (vč.TP a Online) zadanou přes IB nebo MB 3 Kč. Každý odchozí TP zadaný přes TB 6 Kč.','Počet výběrů se sčítá ke všem kartám vydaným ke kontu. K účtu je 5 výběrů z bankomatu ČSOB zdarma.\r\nDotaz na zůstatek v cizím bankomatu 9 Kč.'),(55,60,'2014-09-01',0.00,0.00,400.00,1,0.00,0.00,0.00,0.00,0.00,0.00,0.00,NULL,NULL,0,'no comment','Vedení účtu zdarma v případě, že klient udržuje měsíční zůstatek alespoň 1 mil. Kč v součtu na všech běžných platebních, spořicích platebních, termínovaných neplatebních účtech a podílových fondech Skupiny ČSOB/KBC, které si zakoupil v pobočkách ČSOB v ČR.','Každý odchozí TP zadaný přes TB 6 Kč.','Dotaz na zůstatek v cizím bankomatu 9 Kč.'),(56,61,'2014-09-01',0.00,0.00,0.00,0,0.00,13.00,0.00,0.00,0.00,0.00,0.00,NULL,NULL,0,'no comment','no comment','Každý odchozí TP zadaný přes TB 6 Kč.','Dotaz na zůstatek v cizím bankomatu 9 Kč.'),(57,62,'2014-09-01',0.00,0.00,0.00,0,0.00,0.00,0.00,0.00,NULL,NULL,NULL,NULL,NULL,0,'Bankovnictví slouží pouze k náhledu na účet.','no comment','no comment','Počet výběrů se sčítá ke všem kartám vydaným ke kontu. K účtu jsou 4 výběry z bankomatu ČSOB zdarma.\r\nDotaz na zůstatek v cizím bankomatu 9 Kč.'),(58,66,'2014-09-01',0.00,0.00,25.00,0,1.00,0.00,0.00,0.00,3.00,3.00,3.00,NULL,NULL,0,'no comment','Při zřízení samotného TB vedení TB 40 Kč.','no comment','Dotaz na zůstatek v cizím bankomatu 9 Kč.'),(59,63,'2014-04-01',0.00,0.00,34.00,1,0.00,13.00,0.00,0.00,2.00,2.00,2.00,NULL,NULL,2,'Při zrušení účtu do 12 měsíců od jeho založení 200 Kč.\r\nMB = SmartBanking','Při vedení účtu v balíčku &#039;Era spolu&#039; vedení účtu -8 Kč, při zadání odchozí platby elektronicky vedení účtu -8 Kč, vedení účtu pro osoby ve věku 58 a více při převodu starobního nebo invalidního důchodu na účet nebo osoby s průkazem TP/ZTP/ZTP-P vedení účtu 8 Kč (při vedení účtu v balíčku &#039;Era spolu&#039; vedení účtu zdarma), osoby ve věku do 26 let vedení účtu zdarma','Při vedení účtu v balíčku &#039;Era spolu&#039; všechny odchozí platby zadané elektronicky zdarma.\r\nŠestý a další dotaz na zůstatek přes TB 8 Kč.','Změna limitu pro bankomaty a obchodníky 26 Kč. \r\nDotaz na zůstatek v cizím bankomatu 9 Kč.'),(60,64,'2014-04-01',0.00,0.00,50.00,1,0.00,NULL,0.00,0.00,0.00,0.00,0.00,NULL,NULL,0,'Při zrušení účtu do 12 měsíců od jeho založení 200 Kč.\r\nMB = SmartBanking','Při průměrném měsíčním zůstatku 15000 Kč vedení účtu zdarma.\r\nPapírový výpis se nenabízí.','Odchozí TP zřízený přes TB 10 Kč.\r\nŠestý a další dotaz na zůstatek přes TB 8 Kč.','Změna limitu pro bankomaty a obchodníky 26 Kč. \r\nDotaz na zůstatek v cizím bankomatu 9 Kč.'),(61,65,'2014-04-01',0.00,0.00,0.00,0,0.00,13.00,0.00,0.00,NULL,NULL,NULL,NULL,NULL,0,'Při zrušení účtu do 12 měsíců od jeho založení 200 Kč.\r\nBankovnictví slouží jen k náhledu.','no comment','no comment','no comment'),(62,67,'2015-02-01',0.00,0.00,68.00,1,0.00,30.00,0.00,0.00,6.00,6.00,6.00,NULL,39.00,2,'První 3 měsíce od založení účtu je zřízení TP přes TB za 29 Kč.','Vedení účtu spadá do konceptu MojeOdměny.','Balíček nezahrnuje odchozí transakce zřízené přes TB.','Za každou platbu kartou u obchodníka banka vrací poplatek ve výši jednoho výběru z vlastního bankomatu.\r\nDotaz na zůstatek v bankomatu KB 2.50 Kč, dotaz v cizím bankomatu 10 Kč.'),(63,68,'2015-02-01',0.00,0.00,0.00,1,0.00,30.00,0.00,0.00,6.00,6.00,6.00,NULL,39.00,2,'První 3 měsíce od založení účtu je zřízení TP přes TB za 29 Kč.','Pokud by klient starší jak 26 let nesplnil ani jednu podmínku konceptu MojeOdměny, pak Vedení účtu 68 Kč.','Balíček nezahrnuje odchozí transakce zřízené přes TB.\r\nKlientovi ve věku do 26 let banka vrátí v každém následujícím měsíci 20 Kč z poplatku za Balíček transakcí.','Za každou platbu kartou u obchodníka banka vrací poplatek ve výši jednoho výběru z vlastního bankomatu.\r\nDotaz na zůstatek v bankomatu KB 2.50 Kč, dotaz v cizím bankomatu 10 Kč.'),(64,69,'2015-02-01',0.00,0.00,50.00,0,0.00,25.00,5.00,7.00,6.00,8.00,4.00,6.00,NULL,0,'no comment','no comment','no comment','Za každou platbu kartou u obchodníka banka vrací poplatek ve výši jednoho výběru z vlastního bankomatu.\r\nDotaz na zůstatek v bankomatu KB 2.50 Kč, dotaz v cizím bankomatu 10 Kč.'),(65,70,'2015-02-01',0.00,0.00,0.00,0,0.00,0.00,0.00,0.00,NULL,NULL,NULL,NULL,NULL,0,'Bankovnictví pouze k náhledu.','Výpis je zaslán pouze v případě pohybu na účtu.','no comment','Karta je vydávána od 8 let věku klienta.'),(66,72,'2015-02-01',0.00,0.00,0.00,0,0.00,25.00,0.00,0.00,6.00,6.00,0.00,0.00,NULL,0,'no comment','no comment','Příchozí pouze 1 zdarma, každá další Příchozí1 5 Kč.\r\nOdchozí pouze 1 zdarma, každá další Odchozí1 4 Kč, přes TB 19 Kč.\r\nPouze 1 mezibankovní platba zdarma, za každou další příplatek 2 Kč.','Za každou platbu kartou u obchodníka banka vrací poplatek ve výši jednoho výběru z vlastního bankomatu.\r\nDotaz na zůstatek v bankomatu KB 2.50 Kč, dotaz v cizím bankomatu 10 Kč.'),(67,71,'2015-02-01',0.00,0.00,490.00,1,0.00,0.00,0.00,0.00,0.00,0.00,0.00,0.00,NULL,0,'no comment','Vedení účtu spadá do konceptu MojeOdměny.','no comment','Za každou platbu kartou u obchodníka banka vrací poplatek ve výši jednoho výběru z vlastního bankomatu.\r\nDotaz na zůstatek v bankomatu KB 2.50 Kč, dotaz v cizím bankomatu 10 Kč (neplatí pro Platinum Visa).'),(68,73,'2015-02-05',0.00,0.00,0.00,0,0.00,40.00,0.00,0.00,0.00,5.00,5.00,NULL,NULL,0,'no comment','no comment','no comment','&#039;zpřátelená&#039; banka je ČSOB\r\nDotaz na zůstatek v cizím bankomatu 9 Kč.'),(69,74,'2015-02-05',0.00,0.00,53.00,0,0.00,40.00,0.00,0.00,0.00,0.00,5.00,NULL,NULL,0,'no comment','no comment','Čtvrtá a další odchozí2 5 Kč.\r\nDruhý a další odchozí TP2 5 Kč.','&#039;zpřátelená&#039; banka je ČSOB.\r\nMimo varianty Gold jsou k účtu 2 karty zdarma. Každá další za vedení 41 Kč.\r\n3 výběry z kteréhokoli bankomatu jsou zdarma.\r\nDotaz na zůstatek v cizím bankomatu 9 Kč.'),(70,75,'2015-02-05',0.00,0.00,133.00,0,0.00,40.00,0.00,0.00,0.00,0.00,5.00,NULL,NULL,0,'no comment','no comment','no comment','&#039;zpřátelená&#039; banka je ČSOB.\r\nMimo varianty Gold jsou k účtu 2 karty zdarma. Každá další za vedení 41 Kč.\r\nDotaz na zůstatek v cizím bankomatu 9 Kč.'),(71,76,'2015-02-05',0.00,0.00,47.00,0,0.00,40.00,0.00,0.00,0.00,5.00,5.00,NULL,NULL,0,'no comment','no comment','no comment','&#039;zpřátelená&#039; banka je ČSOB\r\nDotaz na zůstatek v cizím bankomatu 9 Kč.'),(72,78,'2015-01-01',0.00,0.00,100.00,0,0.00,30.00,0.00,5.00,0.00,5.00,NULL,NULL,NULL,0,'','no comment','no comment','Dotaz na zůstatek v kterémkoli bankomatu 6 Kč.'),(73,77,'2015-01-01',0.00,0.00,50.00,0,0.00,30.00,0.00,5.00,0.00,5.00,NULL,NULL,NULL,0,'no comment','no comment','Přichozí i odchozí transakce jsou součástí výhod k výběru, č. 5 a 7.','Dotaz na zůstatek v kterémkoli bankomatu 6 Kč.\r\n1 dodatková karta je součástí volitelných výhod, č. 3.');
/*!40000 ALTER TABLE `ucty_ceny` ENABLE KEYS */;
UNLOCK TABLES;

--
-- Table structure for table `vyj_podminky`
--

DROP TABLE IF EXISTS `vyj_podminky`;
/*!40101 SET @saved_cs_client     = @@character_set_client */;
/*!40101 SET character_set_client = utf8 */;
CREATE TABLE `vyj_podminky` (
  `podm_id` varchar(3) COLLATE utf8_czech_ci NOT NULL,
  `podm_popis` varchar(45) COLLATE utf8_czech_ci NOT NULL,
  `podm_jedn` varchar(10) COLLATE utf8_czech_ci DEFAULT NULL,
  `podm_type` varchar(10) COLLATE utf8_czech_ci NOT NULL,
  PRIMARY KEY (`podm_id`)
) ENGINE=InnoDB DEFAULT CHARSET=utf8 COLLATE=utf8_czech_ci;
/*!40101 SET character_set_client = @saved_cs_client */;

--
-- Dumping data for table `vyj_podminky`
--

LOCK TABLES `vyj_podminky` WRITE;
/*!40000 ALTER TABLE `vyj_podminky` DISABLE KEYS */;
INSERT INTO `vyj_podminky` VALUES ('a','Počet plateb kartou',NULL,'number'),('b','Zůstatek na účtu','CZK','number'),('c','Platební karta',NULL,'checkbox'),('d','Objem transakcí kartou','CZK','number'),('e','Objem transakcí kartou (bez výběrů)','CZK','number'),('f','Objem bezhotovostních transakcí','CZK','number'),('g','Počet odchozích plateb',NULL,'number'),('h','Počet jednorázových odchozích plateb',NULL,'number'),('i','Objem příchozích plateb',NULL,'number'),('j','Výběr v rámci výhod',NULL,'checkbox');
/*!40000 ALTER TABLE `vyj_podminky` ENABLE KEYS */;
UNLOCK TABLES;

--
-- Table structure for table `vyjimky`
--

DROP TABLE IF EXISTS `vyjimky`;
/*!40101 SET @saved_cs_client     = @@character_set_client */;
/*!40101 SET character_set_client = utf8 */;
CREATE TABLE `vyjimky` (
  `vyj_id` int(11) NOT NULL AUTO_INCREMENT,
  `ucet_id` int(3) DEFAULT NULL,
  `cena_id` int(4) DEFAULT NULL,
  `pole` varchar(45) COLLATE utf8_czech_ci NOT NULL,
  `podminka` varchar(55) COLLATE utf8_czech_ci NOT NULL,
  `vysledek` decimal(10,2) NOT NULL,
  `koment` text COLLATE utf8_czech_ci,
  PRIMARY KEY (`vyj_id`)
) ENGINE=InnoDB AUTO_INCREMENT=18 DEFAULT CHARSET=utf8 COLLATE=utf8_czech_ci;
/*!40101 SET character_set_client = @saved_cs_client */;

--
-- Dumping data for table `vyjimky`
--

LOCK TABLES `vyjimky` WRITE;
/*!40000 ALTER TABLE `vyjimky` DISABLE KEYS */;
INSERT INTO `vyjimky` VALUES (4,38,NULL,'ucty.ucet_urok','a >= 5 AND b < 10000',1.10,'Úrok 1.10% při alespoň 5 platbách kartou a zůstatku do 100000 Kč.'),(5,38,NULL,'ucty.ucet_urok','c = -1',1.10,'asi nesmysl'),(6,77,NULL,'ucty.ucet_urok','j 0 ',0.25,'jedna z volitelných výhod v rámci vedení účtu, max 5'),(8,77,73,'ucty_ceny.cena_prichozi2','j 0 ',0.00,''),(9,77,73,'ucty_ceny.cena_prichozi2','j 0 ',0.00,''),(10,77,73,'ucty_ceny.cena_prichozi2','j 0 ',0.00,'volitelná výhoda v rámci vedení účtu, max 5'),(13,77,73,'ucty_ceny.cena_prichozi2','b 0 ',3.00,''),(14,77,73,'ucty_ceny.cena_trans_bal_typ','g <= 5',2.00,'5 odchozích plateb zdarma, volitelná výhoda v rámci vedení účtu, možno vybrat až 3 krát, max 5 výhod.'),(15,77,73,'ucty_ceny.cena_trans_bal_typ','g <= 5',2.00,'5 odchozích plateb zdarma, volitelná výhoda v rámci vedení účtu, možno vybrat až 3 krát, max 5 výhod.'),(16,77,73,'ucty_ceny.cena_trans_bal_typ','g <= 5',2.00,'5 odchozích plateb zdarma, volitelná výhoda v rámci vedení účtu, možno vybrat až 3 krát, max 5 výhod.'),(17,64,74,'ucty_ceny.cena_vedeni','i < 15000',69.00,'Vedení zdarma v případě splnění obratové podmínky ve výši minimálně 15 000 Kč, jinak 69 Kč. Při automatickém převodu Osobního účtu do 26 let na Online účet se prvních 12 měsíců od provedení změny obratová podmínka nesleduje, vedení Online účtu je po tuto dobu zdarma.');
/*!40000 ALTER TABLE `vyjimky` ENABLE KEYS */;
UNLOCK TABLES;
/*!40103 SET TIME_ZONE=@OLD_TIME_ZONE */;

/*!40101 SET SQL_MODE=@OLD_SQL_MODE */;
/*!40014 SET FOREIGN_KEY_CHECKS=@OLD_FOREIGN_KEY_CHECKS */;
/*!40014 SET UNIQUE_CHECKS=@OLD_UNIQUE_CHECKS */;
/*!40101 SET CHARACTER_SET_CLIENT=@OLD_CHARACTER_SET_CLIENT */;
/*!40101 SET CHARACTER_SET_RESULTS=@OLD_CHARACTER_SET_RESULTS */;
/*!40101 SET COLLATION_CONNECTION=@OLD_COLLATION_CONNECTION */;
/*!40111 SET SQL_NOTES=@OLD_SQL_NOTES */;

-- Dump completed on 2016-08-22 10:36:33
