-- MySQL dump 10.13  Distrib 5.7.12, for Win64 (x86_64)
--
-- Host: localhost    Database: manazer
-- ------------------------------------------------------
-- Server version	5.6.32-log

/*!40101 SET @OLD_CHARACTER_SET_CLIENT=@@CHARACTER_SET_CLIENT */;
/*!40101 SET @OLD_CHARACTER_SET_RESULTS=@@CHARACTER_SET_RESULTS */;
/*!40101 SET @OLD_COLLATION_CONNECTION=@@COLLATION_CONNECTION */;
/*!40101 SET NAMES utf8 */;
/*!40103 SET @OLD_TIME_ZONE=@@TIME_ZONE */;
/*!40103 SET TIME_ZONE='+00:00' */;
/*!40014 SET @OLD_UNIQUE_CHECKS=@@UNIQUE_CHECKS, UNIQUE_CHECKS=0 */;
/*!40014 SET @OLD_FOREIGN_KEY_CHECKS=@@FOREIGN_KEY_CHECKS, FOREIGN_KEY_CHECKS=0 */;
/*!40101 SET @OLD_SQL_MODE=@@SQL_MODE, SQL_MODE='NO_AUTO_VALUE_ON_ZERO' */;
/*!40111 SET @OLD_SQL_NOTES=@@SQL_NOTES, SQL_NOTES=0 */;

--
-- Current Database: `manazer`
--

CREATE DATABASE /*!32312 IF NOT EXISTS*/ `manazer` /*!40100 DEFAULT CHARACTER SET utf8 COLLATE utf8_czech_ci */;

USE `manazer`;

--
-- Table structure for table `moje_ucty`
--

DROP TABLE IF EXISTS `moje_ucty`;
/*!40101 SET @saved_cs_client     = @@character_set_client */;
/*!40101 SET character_set_client = utf8 */;
CREATE TABLE `moje_ucty` (
  `idmoje_ucty` int(11) NOT NULL AUTO_INCREMENT,
  `NazevUctu` varchar(55) COLLATE utf8_czech_ci NOT NULL,
  `TypUctu` varchar(45) COLLATE utf8_czech_ci NOT NULL,
  `Urok` decimal(3,2) DEFAULT '0.00',
  `Urok_prevod` tinyint(4) DEFAULT '1',
  `Urok_ucet` int(11) DEFAULT NULL,
  `Predcisli` varchar(6) COLLATE utf8_czech_ci DEFAULT '0',
  `Cislo` varchar(10) CHARACTER SET utf8 NOT NULL,
  `KodBanky` char(4) COLLATE utf8_czech_ci NOT NULL,
  `Stav` int(11) NOT NULL,
  `Mena` char(3) COLLATE utf8_czech_ci NOT NULL,
  `Www` varchar(45) COLLATE utf8_czech_ci DEFAULT NULL,
  `Karta` varchar(3) COLLATE utf8_czech_ci DEFAULT NULL,
  `Karta_nazev` varchar(45) COLLATE utf8_czech_ci DEFAULT NULL,
  `Karta_cislo` char(4) CHARACTER SET utf8 DEFAULT '0000',
  `Karta_limit` int(11) DEFAULT '5000',
  `Ucet_varianta` int(11) DEFAULT NULL COMMENT 'ucet id',
  `MinZustatek` int(11) DEFAULT '0',
  `Vytvoreno` datetime DEFAULT NULL,
  `Zalozeni` date DEFAULT NULL,
  `Kontokorent` varchar(3) COLLATE utf8_czech_ci DEFAULT NULL,
  `Kontokorent_limit` int(11) DEFAULT NULL,
  `Karta_bezurok` int(11) DEFAULT NULL,
  `Mesicni_splatka` decimal(3,2) DEFAULT '0.00',
  `Vypis` varchar(45) COLLATE utf8_czech_ci DEFAULT NULL,
  `Trans_ucet` int(11) DEFAULT NULL,
  `Prispevek_vlastni` int(11) DEFAULT NULL,
  `Prispevek_zam` int(11) DEFAULT NULL,
  `Prispevek_treti` int(11) DEFAULT NULL,
  `Prispevek_platba` int(11) DEFAULT NULL,
  `Spor_vlastni` int(11) DEFAULT NULL,
  `Spor_zam` int(11) DEFAULT NULL,
  `Spor_treti` int(11) DEFAULT NULL,
  `Prispevek_frekvence` int(11) DEFAULT NULL,
  `Poj_cislo` varchar(45) COLLATE utf8_czech_ci DEFAULT NULL,
  PRIMARY KEY (`idmoje_ucty`),
  UNIQUE KEY `idmoje_ucty_UNIQUE` (`idmoje_ucty`)
) ENGINE=InnoDB AUTO_INCREMENT=2 DEFAULT CHARSET=utf8 COLLATE=utf8_czech_ci;
/*!40101 SET character_set_client = @saved_cs_client */;

--
-- Dumping data for table `moje_ucty`
--

LOCK TABLES `moje_ucty` WRITE;
/*!40000 ALTER TABLE `moje_ucty` DISABLE KEYS */;
INSERT INTO `moje_ucty` VALUES (1,'mKonto','bezny',0.00,1,0,'670100','2201403593','6210',0,'CZK','http://','Ne','','',0,36,0,'2017-12-18 15:23:33','2008-08-01','Ne',0,NULL,0.00,'Elektronicky',NULL,NULL,NULL,NULL,NULL,NULL,NULL,NULL,NULL,NULL);
/*!40000 ALTER TABLE `moje_ucty` ENABLE KEYS */;
UNLOCK TABLES;

--
-- Table structure for table `prijem`
--

DROP TABLE IF EXISTS `prijem`;
/*!40101 SET @saved_cs_client     = @@character_set_client */;
/*!40101 SET character_set_client = utf8 */;
CREATE TABLE `prijem` (
  `idprijem` int(11) NOT NULL,
  `Datum` date NOT NULL,
  `Zdroj` int(11) NOT NULL,
  `Ucet` int(11) NOT NULL,
  `Cisty_prijem` int(11) NOT NULL,
  `Typ` varchar(45) COLLATE utf8_czech_ci NOT NULL,
  `Vlozeno` datetime NOT NULL,
  PRIMARY KEY (`idprijem`)
) ENGINE=InnoDB DEFAULT CHARSET=utf8 COLLATE=utf8_czech_ci;
/*!40101 SET character_set_client = @saved_cs_client */;

--
-- Dumping data for table `prijem`
--

LOCK TABLES `prijem` WRITE;
/*!40000 ALTER TABLE `prijem` DISABLE KEYS */;
/*!40000 ALTER TABLE `prijem` ENABLE KEYS */;
UNLOCK TABLES;

--
-- Table structure for table `svatky`
--

DROP TABLE IF EXISTS `svatky`;
/*!40101 SET @saved_cs_client     = @@character_set_client */;
/*!40101 SET character_set_client = utf8 */;
CREATE TABLE `svatky` (
  `idsvatky` int(11) NOT NULL AUTO_INCREMENT,
  `datum` date DEFAULT NULL,
  PRIMARY KEY (`idsvatky`)
) ENGINE=InnoDB DEFAULT CHARSET=utf8 COLLATE=utf8_czech_ci;
/*!40101 SET character_set_client = @saved_cs_client */;

--
-- Dumping data for table `svatky`
--

LOCK TABLES `svatky` WRITE;
/*!40000 ALTER TABLE `svatky` DISABLE KEYS */;
/*!40000 ALTER TABLE `svatky` ENABLE KEYS */;
UNLOCK TABLES;

--
-- Table structure for table `zdroje`
--

DROP TABLE IF EXISTS `zdroje`;
/*!40101 SET @saved_cs_client     = @@character_set_client */;
/*!40101 SET character_set_client = utf8 */;
CREATE TABLE `zdroje` (
  `idzdroje` int(11) NOT NULL AUTO_INCREMENT,
  `Nazev` varchar(55) COLLATE utf8_czech_ci NOT NULL,
  `Den_vyplaty` int(11) NOT NULL,
  `Mena` char(3) COLLATE utf8_czech_ci NOT NULL,
  `Typ` varchar(45) COLLATE utf8_czech_ci NOT NULL,
  `Ucet` int(11) NOT NULL,
  `Mzda` int(11) DEFAULT NULL,
  `Preferovany` tinyint(4) DEFAULT NULL,
  `Pas_platce` varchar(45) COLLATE utf8_czech_ci DEFAULT NULL,
  `Pas_varianta` varchar(20) COLLATE utf8_czech_ci DEFAULT NULL,
  PRIMARY KEY (`idzdroje`),
  UNIQUE KEY `idzdroje_UNIQUE` (`idzdroje`),
  UNIQUE KEY `Nazev_UNIQUE` (`Nazev`)
) ENGINE=InnoDB AUTO_INCREMENT=2 DEFAULT CHARSET=utf8 COLLATE=utf8_czech_ci;
/*!40101 SET character_set_client = @saved_cs_client */;

--
-- Dumping data for table `zdroje`
--

LOCK TABLES `zdroje` WRITE;
/*!40000 ALTER TABLE `zdroje` DISABLE KEYS */;
INSERT INTO `zdroje` VALUES (1,'Sanmina',15,'CZK','aktivni',1,38000,1,NULL,NULL);
/*!40000 ALTER TABLE `zdroje` ENABLE KEYS */;
UNLOCK TABLES;

--
-- Current Database: `poplatky`
--

CREATE DATABASE /*!32312 IF NOT EXISTS*/ `poplatky` /*!40100 DEFAULT CHARACTER SET cp1250 COLLATE cp1250_czech_cs */;

USE `poplatky`;

--
-- Table structure for table `bal_polozky`
--

DROP TABLE IF EXISTS `bal_polozky`;
/*!40101 SET @saved_cs_client     = @@character_set_client */;
/*!40101 SET character_set_client = utf8 */;
CREATE TABLE `bal_polozky` (
  `bal_polozka_id` int(11) NOT NULL AUTO_INCREMENT,
  `bal_id` int(11) NOT NULL,
  `bal_pole` varchar(45) CHARACTER SET utf8 NOT NULL,
  `bal_popis` varchar(55) CHARACTER SET utf8 NOT NULL,
  `bal_pocet_trans` int(11) NOT NULL DEFAULT '1' COMMENT 'pocet zahrnutych transakci, k pouziti u plateb',
  `bal_pocet_vyber` int(11) NOT NULL DEFAULT '1' COMMENT 'kolikrat muze byt polozka vybrana',
  `bal_podm_vyber` varchar(45) COLLATE utf8_czech_ci DEFAULT NULL,
  PRIMARY KEY (`bal_polozka_id`,`bal_id`)
) ENGINE=InnoDB AUTO_INCREMENT=4 DEFAULT CHARSET=utf8 COLLATE=utf8_czech_ci;
/*!40101 SET character_set_client = @saved_cs_client */;

--
-- Dumping data for table `bal_polozky`
--

LOCK TABLES `bal_polozky` WRITE;
/*!40000 ALTER TABLE `bal_polozky` DISABLE KEYS */;
INSERT INTO `bal_polozky` VALUES (1,3,'p_odch','5 odchozích plateb',5,1,''),(2,3,'kartaH_vedeni','karta zdarma za podmínky',1,1,'obrat >= 5000 AND karta_nazev == `Visa`'),(3,3,'','',1,1,'');
/*!40000 ALTER TABLE `bal_polozky` ENABLE KEYS */;
UNLOCK TABLES;

--
-- Table structure for table `balicky`
--

DROP TABLE IF EXISTS `balicky`;
/*!40101 SET @saved_cs_client     = @@character_set_client */;
/*!40101 SET character_set_client = utf8 */;
CREATE TABLE `balicky` (
  `bal_id` int(11) NOT NULL AUTO_INCREMENT,
  `bal_cena_id` int(11) NOT NULL,
  `bal_nazev` varchar(45) CHARACTER SET utf8 NOT NULL,
  `bal_polozek` tinyint(4) NOT NULL DEFAULT '1' COMMENT 'limit, kolikrat je mozno si polozku vybrat',
  `bal_cena` decimal(10,2) DEFAULT NULL,
  `bal_koment` text COLLATE utf8_czech_ci,
  `bal_volitelny` tinyint(2) NOT NULL DEFAULT '1',
  PRIMARY KEY (`bal_id`)
) ENGINE=InnoDB AUTO_INCREMENT=13 DEFAULT CHARSET=utf8 COLLATE=utf8_czech_ci;
/*!40101 SET character_set_client = @saved_cs_client */;

--
-- Dumping data for table `balicky`
--

LOCK TABLES `balicky` WRITE;
/*!40000 ALTER TABLE `balicky` DISABLE KEYS */;
INSERT INTO `balicky` VALUES (1,73,'test1',1,0.00,NULL,1),(3,73,'5 za 50',1,50.00,NULL,1),(9,73,'halabala',1,62.00,NULL,0),(10,73,'kuku',0,49.00,NULL,1),(11,33,'baby',1,50.00,NULL,1),(12,116,'Balíček transakcí',1,39.00,'Balíček transakcí obsahuje položky za všechny transakce pořízené prostřednictvím služeb MojeBanka/MojeBanka Business/Mobilní banka/MojePlatba/Profibanka, jsou-li sjednány, položky vzniklé z trvalého příkazu k úhradě, z inkasa z jiné banky, odepsaného inkasa. Položky vzniklé z příkazů pořízených na papírovém příkazu (pobočka, sběrný box) a prostřednictvím služby Expresní linka KB jsou zpoplatněny dle Sazebníku KB.',1);
/*!40000 ALTER TABLE `balicky` ENABLE KEYS */;
UNLOCK TABLES;

--
-- Table structure for table `banky`
--

DROP TABLE IF EXISTS `banky`;
/*!40101 SET @saved_cs_client     = @@character_set_client */;
/*!40101 SET character_set_client = utf8 */;
CREATE TABLE `banky` (
  `kod_banky` char(4) COLLATE utf8_czech_ci NOT NULL,
  `nazev_banky` varchar(55) COLLATE utf8_czech_ci DEFAULT NULL,
  `klientu` int(10) unsigned DEFAULT NULL,
  `klientu_datum` date DEFAULT NULL,
  `bankomaty` int(10) unsigned DEFAULT NULL,
  `bankomaty_datum` date DEFAULT NULL,
  `bankomaty_pozn` text COLLATE utf8_czech_ci,
  `koment` text COLLATE utf8_czech_ci,
  `active` tinyint(1) DEFAULT '1',
  PRIMARY KEY (`kod_banky`)
) ENGINE=InnoDB DEFAULT CHARSET=utf8 COLLATE=utf8_czech_ci;
/*!40101 SET character_set_client = @saved_cs_client */;

--
-- Dumping data for table `banky`
--

LOCK TABLES `banky` WRITE;
/*!40000 ALTER TABLE `banky` DISABLE KEYS */;
INSERT INTO `banky` VALUES ('0100','Komerční banka',1600000,'2011-12-31',699,'2012-11-21',NULL,NULL,1),('0300','ČSOB / Poštovní spořitelna',3100000,'2012-05-22',855,'2012-11-21',NULL,NULL,1),('0600','Moneta Money Bank',1051000,'2012-06-30',695,'2012-11-21',NULL,NULL,1),('0800','Česká spořitelna',5217326,'2012-03-01',1440,'2012-11-21',NULL,NULL,1),('2010','Fio banka',250000,'2013-03-12',117,'2012-11-21',NULL,NULL,1),('2310','Zuno bank',100000,'2012-06-20',0,'2012-11-21','+vyuziva bankomaty Raiffeisen bank',NULL,0),('2600','Citibank Europe',16000,'2010-06-16',144,'2012-11-21',NULL,NULL,1),('2700','UniCredit Bank',200000,'2010-09-30',147,'2012-11-21',NULL,NULL,1),('3030','Air bank',100000,'2013-02-26',18,'2012-11-21',NULL,NULL,1),('3500','ING Bank',0,NULL,0,'2012-11-21',NULL,NULL,1),('4000','Expobank',10000,NULL,0,'2010-01-28',NULL,'Bývalá LBBW banka.',1),('5500','Raiffeisenbank',500000,'2011-11-02',128,'2012-11-21',NULL,NULL,1),('6100','Equa bank',30000,'2012-12-14',0,'2012-11-21',NULL,NULL,1),('6210','BRE Bank (mBank)',400000,'2012-07-17',0,'2012-11-21',NULL,NULL,1),('6800','Sberbank',63000,'2010-12-31',27,'2012-11-21',NULL,'Bývalá Volksbank.',1),('7940','Waldviertler Sparkasse Bank AG',30000,'2007-12-19',7,'2012-11-21','+vyuziva bankomaty CSOB',NULL,1),('8040','Oberbank',334000,'2010-12-31',13,'2012-11-21',NULL,NULL,1);
/*!40000 ALTER TABLE `banky` ENABLE KEYS */;
UNLOCK TABLES;

--
-- Table structure for table `ceny_banking`
--

DROP TABLE IF EXISTS `ceny_banking`;
/*!40101 SET @saved_cs_client     = @@character_set_client */;
/*!40101 SET character_set_client = utf8 */;
CREATE TABLE `ceny_banking` (
  `ID` int(11) NOT NULL,
  `ib_Zrizeni` decimal(10,2) DEFAULT NULL,
  `ib_Vedeni` decimal(10,2) DEFAULT NULL,
  `ib_Odchozi1` decimal(10,2) DEFAULT NULL,
  `ib_Odchozi2` decimal(10,2) DEFAULT NULL,
  `ib_ZrizeniTP` decimal(10,2) DEFAULT NULL,
  `mb_Zrizeni` decimal(10,2) DEFAULT NULL,
  `mb_Vedeni` decimal(10,2) DEFAULT NULL,
  `mb_Odchozi1` decimal(10,2) DEFAULT NULL,
  `mb_Odchozi2` decimal(10,2) DEFAULT NULL,
  `mb_ZrizeniTP` decimal(10,2) DEFAULT NULL,
  `tb_Zrizeni` decimal(10,2) DEFAULT NULL,
  `tb_Vedeni` decimal(10,2) DEFAULT NULL,
  `tb_Odchozi1` decimal(10,2) DEFAULT NULL,
  `tb_Odchozi2` decimal(10,2) DEFAULT NULL,
  `tb_ZrizeniTP` decimal(10,2) DEFAULT NULL,
  PRIMARY KEY (`ID`)
) ENGINE=InnoDB DEFAULT CHARSET=utf8 COLLATE=utf8_czech_ci;
/*!40101 SET character_set_client = @saved_cs_client */;

--
-- Dumping data for table `ceny_banking`
--

LOCK TABLES `ceny_banking` WRITE;
/*!40000 ALTER TABLE `ceny_banking` DISABLE KEYS */;
INSERT INTO `ceny_banking` VALUES (30,0.00,25.00,5.00,7.00,0.00,0.00,25.00,5.00,7.00,0.00,0.00,25.00,20.00,22.00,0.00),(31,0.00,0.00,0.00,0.00,0.00,0.00,0.00,0.00,0.00,0.00,0.00,0.00,20.00,20.00,0.00),(32,0.00,0.00,0.00,0.00,0.00,0.00,0.00,0.00,0.00,0.00,0.00,0.00,20.00,20.00,20.00),(33,0.00,0.00,0.00,0.00,0.00,0.00,0.00,0.00,0.00,0.00,0.00,0.00,0.00,0.00,0.00),(34,0.00,0.00,0.00,0.00,0.00,0.00,0.00,0.00,0.00,0.00,0.00,0.00,0.00,0.00,0.00),(35,0.00,0.00,0.00,0.00,0.00,0.00,0.00,0.00,0.00,0.00,NULL,NULL,NULL,NULL,NULL),(36,0.00,0.00,0.00,0.00,0.00,0.00,0.00,0.00,0.00,0.00,0.00,0.00,0.00,0.00,0.00),(37,0.00,0.00,0.00,0.00,0.00,0.00,0.00,0.00,0.00,0.00,0.00,0.00,0.00,0.00,0.00),(38,0.00,0.00,NULL,NULL,NULL,NULL,NULL,NULL,NULL,NULL,NULL,NULL,NULL,NULL,NULL),(39,0.00,0.00,6.00,6.00,0.00,0.00,0.00,6.00,6.00,0.00,0.00,0.00,6.00,6.00,0.00),(40,0.00,0.00,6.00,6.00,0.00,0.00,49.00,6.00,6.00,0.00,0.00,49.00,6.00,6.00,0.00),(41,0.00,0.00,0.00,0.00,0.00,0.00,0.00,0.00,0.00,0.00,0.00,0.00,0.00,0.00,0.00),(42,0.00,0.00,0.00,0.00,0.00,0.00,0.00,0.00,0.00,0.00,0.00,0.00,0.00,0.00,0.00),(43,0.00,0.00,0.00,0.00,0.00,0.00,0.00,0.00,0.00,0.00,0.00,0.00,0.00,0.00,0.00),(44,0.00,0.00,0.00,0.00,0.00,0.00,49.00,0.00,0.00,0.00,0.00,49.00,0.00,0.00,0.00),(45,0.00,0.00,0.00,0.00,0.00,0.00,49.00,0.00,0.00,0.00,0.00,49.00,0.00,0.00,0.00),(46,0.00,0.00,0.00,0.00,0.00,0.00,0.00,0.00,0.00,0.00,0.00,0.00,15.00,15.00,15.00),(47,0.00,0.00,0.00,0.00,0.00,0.00,0.00,0.00,0.00,0.00,0.00,0.00,0.00,0.00,0.00),(48,0.00,0.00,0.00,0.00,0.00,0.00,0.00,0.00,0.00,0.00,0.00,0.00,15.00,15.00,15.00),(49,0.00,0.00,NULL,NULL,NULL,0.00,0.00,NULL,NULL,NULL,NULL,NULL,NULL,NULL,NULL),(50,0.00,0.00,0.00,0.00,0.00,0.00,0.00,0.00,0.00,0.00,NULL,NULL,NULL,NULL,NULL),(51,0.00,0.00,3.00,6.00,0.00,0.00,0.00,3.00,6.00,0.00,NULL,NULL,NULL,NULL,NULL),(52,0.00,0.00,0.00,0.00,0.00,0.00,0.00,0.00,0.00,0.00,NULL,NULL,NULL,NULL,NULL),(53,0.00,0.00,0.00,0.00,0.00,0.00,0.00,0.00,0.00,0.00,0.00,0.00,20.00,20.00,0.00),(54,0.00,0.00,0.00,0.00,0.00,0.00,0.00,0.00,0.00,0.00,0.00,0.00,20.00,20.00,0.00),(55,0.00,0.00,0.00,0.00,0.00,0.00,0.00,0.00,0.00,0.00,0.00,0.00,20.00,20.00,0.00),(56,0.00,0.00,0.00,0.00,0.00,0.00,0.00,0.00,0.00,0.00,0.00,0.00,20.00,20.00,0.00),(57,0.00,0.00,NULL,NULL,NULL,0.00,0.00,NULL,NULL,NULL,0.00,0.00,NULL,NULL,NULL),(58,0.00,0.00,3.00,3.00,0.00,0.00,0.00,3.00,3.00,0.00,0.00,20.00,20.00,20.00,0.00),(59,0.00,0.00,2.00,2.00,0.00,0.00,0.00,2.00,2.00,0.00,0.00,0.00,2.00,2.00,0.00),(60,0.00,0.00,0.00,0.00,0.00,0.00,0.00,0.00,0.00,0.00,0.00,-1.00,10.00,10.00,0.00),(61,0.00,0.00,NULL,NULL,NULL,0.00,0.00,NULL,NULL,NULL,0.00,0.00,NULL,NULL,NULL),(62,0.00,0.00,6.00,6.00,0.00,0.00,0.00,6.00,6.00,0.00,0.00,0.00,19.00,19.00,0.00),(63,0.00,0.00,6.00,6.00,0.00,0.00,0.00,6.00,6.00,0.00,0.00,0.00,19.00,19.00,0.00),(64,0.00,39.00,4.00,6.00,0.00,0.00,0.00,4.00,6.00,0.00,0.00,39.00,19.00,21.00,29.00),(65,0.00,0.00,NULL,NULL,NULL,NULL,NULL,NULL,NULL,NULL,NULL,NULL,NULL,NULL,NULL),(66,0.00,0.00,0.00,0.00,0.00,0.00,0.00,0.00,0.00,0.00,0.00,0.00,0.00,0.00,29.00),(67,0.00,0.00,0.00,0.00,0.00,0.00,0.00,0.00,0.00,0.00,0.00,0.00,19.00,19.00,0.00),(68,0.00,0.00,0.00,5.00,0.00,0.00,0.00,0.00,5.00,0.00,NULL,NULL,NULL,NULL,NULL),(69,0.00,0.00,0.00,0.00,0.00,0.00,0.00,0.00,0.00,0.00,NULL,NULL,NULL,NULL,NULL),(70,0.00,0.00,0.00,0.00,0.00,0.00,0.00,0.00,0.00,0.00,NULL,NULL,NULL,NULL,NULL),(71,0.00,47.00,0.00,5.00,0.00,0.00,0.00,0.00,5.00,0.00,NULL,NULL,NULL,NULL,NULL),(72,0.00,0.00,0.00,5.00,0.00,NULL,NULL,NULL,NULL,NULL,NULL,NULL,NULL,NULL,NULL),(73,0.00,0.00,0.00,5.00,0.00,NULL,NULL,NULL,NULL,NULL,NULL,NULL,NULL,NULL,NULL),(74,0.00,0.00,0.00,0.00,0.00,0.00,0.00,0.00,0.00,0.00,0.00,0.00,10.00,10.00,0.00),(75,NULL,NULL,NULL,NULL,NULL,NULL,NULL,NULL,NULL,NULL,NULL,NULL,NULL,NULL,NULL),(76,0.00,0.00,6.00,6.00,0.00,0.00,0.00,6.00,6.00,0.00,0.00,0.00,6.00,6.00,0.00),(77,0.00,0.00,0.00,0.00,0.00,0.00,49.00,0.00,0.00,0.00,0.00,49.00,0.00,0.00,0.00),(78,0.00,0.00,0.00,0.00,0.00,0.00,0.00,0.00,0.00,0.00,0.00,0.00,0.00,0.00,0.00),(79,0.00,49.00,6.00,6.00,0.00,0.00,49.00,6.00,6.00,0.00,0.00,49.00,6.00,6.00,0.00),(80,0.00,0.00,0.00,0.00,0.00,0.00,0.00,0.00,0.00,0.00,NULL,NULL,NULL,NULL,NULL),(81,0.00,0.00,0.00,0.00,0.00,0.00,0.00,0.00,0.00,0.00,0.00,0.00,40.00,40.00,40.00),(82,0.00,0.00,0.00,0.00,0.00,0.00,0.00,0.00,0.00,0.00,0.00,0.00,40.00,40.00,40.00),(83,0.00,0.00,0.00,0.00,0.00,0.00,0.00,0.00,0.00,0.00,0.00,0.00,40.00,40.00,40.00),(84,0.00,0.00,0.00,0.00,0.00,0.00,0.00,0.00,0.00,0.00,0.00,0.00,0.00,0.00,0.00),(85,0.00,0.00,0.00,0.00,0.00,0.00,0.00,0.00,0.00,0.00,0.00,0.00,0.00,0.00,0.00),(86,0.00,0.00,0.00,0.00,0.00,0.00,0.00,0.00,0.00,0.00,0.00,0.00,0.00,0.00,0.00),(87,0.00,0.00,5.00,5.00,0.00,0.00,0.00,5.00,5.00,0.00,0.00,0.00,30.00,30.00,30.00),(88,0.00,0.00,0.00,0.00,0.00,0.00,0.00,0.00,0.00,0.00,0.00,0.00,30.00,30.00,30.00),(89,0.00,0.00,0.00,0.00,0.00,0.00,0.00,0.00,0.00,0.00,0.00,0.00,30.00,30.00,30.00),(90,0.00,0.00,5.00,5.00,0.00,0.00,0.00,5.00,5.00,0.00,0.00,0.00,30.00,30.00,30.00),(91,0.00,0.00,5.00,5.00,0.00,0.00,0.00,5.00,5.00,0.00,0.00,0.00,30.00,30.00,30.00),(92,0.00,0.00,0.00,0.00,0.00,0.00,0.00,0.00,0.00,0.00,0.00,0.00,30.00,30.00,30.00),(93,0.00,0.00,NULL,NULL,NULL,NULL,NULL,NULL,NULL,NULL,NULL,NULL,NULL,NULL,NULL),(94,0.00,0.00,5.00,7.00,0.00,0.00,0.00,5.00,7.00,0.00,0.00,0.00,20.00,20.00,0.00),(95,0.00,0.00,0.00,2.00,0.00,0.00,0.00,0.00,2.00,0.00,0.00,0.00,20.00,22.00,0.00),(96,0.00,0.00,0.00,2.00,0.00,0.00,0.00,0.00,2.00,0.00,0.00,0.00,20.00,22.00,0.00),(97,0.00,0.00,0.00,0.00,0.00,0.00,0.00,0.00,0.00,0.00,0.00,0.00,50.00,50.00,50.00),(98,0.00,0.00,0.00,0.00,0.00,0.00,0.00,0.00,0.00,0.00,0.00,0.00,0.00,0.00,0.00),(99,0.00,0.00,0.00,0.00,0.00,0.00,0.00,0.00,0.00,0.00,0.00,0.00,50.00,50.00,50.00),(100,0.00,0.00,0.00,0.00,0.00,0.00,0.00,0.00,0.00,0.00,NULL,NULL,NULL,NULL,NULL),(101,0.00,0.00,0.00,5.00,0.00,0.00,0.00,0.00,5.00,0.00,NULL,NULL,NULL,NULL,NULL),(102,0.00,0.00,0.00,0.00,0.00,0.00,0.00,0.00,0.00,0.00,NULL,NULL,NULL,NULL,NULL),(103,0.00,0.00,0.00,0.00,0.00,0.00,0.00,0.00,0.00,0.00,NULL,NULL,NULL,NULL,NULL),(104,0.00,0.00,0.00,5.00,0.00,0.00,0.00,0.00,5.00,0.00,NULL,NULL,NULL,NULL,NULL),(105,0.00,30.00,0.00,5.00,0.00,NULL,NULL,NULL,NULL,NULL,NULL,NULL,NULL,NULL,NULL),(106,0.00,0.00,0.00,0.00,0.00,NULL,NULL,NULL,NULL,NULL,NULL,NULL,NULL,NULL,NULL),(107,0.00,0.00,0.00,0.00,0.00,NULL,NULL,NULL,NULL,NULL,NULL,NULL,NULL,NULL,NULL),(108,0.00,0.00,6.00,6.00,0.00,0.00,0.00,6.00,6.00,0.00,NULL,NULL,NULL,NULL,NULL),(109,0.00,0.00,0.00,0.00,0.00,0.00,0.00,0.00,0.00,0.00,NULL,NULL,NULL,NULL,NULL),(110,0.00,0.00,NULL,NULL,NULL,0.00,0.00,NULL,NULL,NULL,NULL,NULL,NULL,NULL,NULL),(111,0.00,70.00,3.00,6.00,0.00,0.00,70.00,3.00,6.00,0.00,NULL,NULL,NULL,NULL,NULL),(112,0.00,39.00,6.00,6.00,0.00,0.00,9.00,6.00,6.00,0.00,0.00,39.00,19.00,21.00,29.00),(113,0.00,0.00,NULL,NULL,NULL,0.00,0.00,NULL,NULL,NULL,NULL,NULL,NULL,NULL,NULL),(114,0.00,0.00,6.00,6.00,0.00,0.00,0.00,6.00,6.00,0.00,0.00,0.00,19.00,19.00,29.00),(115,0.00,0.00,6.00,6.00,0.00,0.00,0.00,6.00,6.00,0.00,0.00,19.00,19.00,19.00,0.00),(116,0.00,0.00,6.00,6.00,0.00,0.00,0.00,6.00,6.00,0.00,0.00,0.00,19.00,19.00,29.00),(117,0.00,0.00,0.00,0.00,0.00,0.00,0.00,0.00,0.00,0.00,0.00,0.00,19.00,19.00,0.00),(118,0.00,0.00,0.00,0.00,0.00,0.00,0.00,0.00,0.00,0.00,0.00,0.00,19.00,19.00,29.00),(119,0.00,0.00,0.00,0.00,0.00,0.00,0.00,0.00,0.00,0.00,NULL,NULL,NULL,NULL,NULL),(120,0.00,30.00,0.00,5.00,0.00,NULL,NULL,NULL,NULL,NULL,NULL,NULL,NULL,NULL,NULL),(121,0.00,0.00,0.00,0.00,0.00,NULL,NULL,NULL,NULL,NULL,NULL,NULL,NULL,NULL,NULL),(122,0.00,0.00,0.00,0.00,0.00,NULL,NULL,NULL,NULL,NULL,NULL,NULL,NULL,NULL,NULL),(123,0.00,39.00,6.00,6.00,0.00,0.00,0.00,6.00,6.00,0.00,0.00,39.00,19.00,21.00,29.00),(124,0.00,0.00,6.00,6.00,0.00,0.00,0.00,6.00,6.00,0.00,0.00,0.00,19.00,19.00,29.00),(125,0.00,0.00,0.00,0.00,0.00,0.00,0.00,0.00,0.00,0.00,0.00,0.00,19.00,19.00,0.00),(126,0.00,0.00,6.00,6.00,0.00,0.00,0.00,6.00,6.00,0.00,0.00,0.00,19.00,19.00,0.00),(127,0.00,0.00,0.00,0.00,0.00,0.00,0.00,0.00,0.00,0.00,0.00,0.00,19.00,19.00,0.00),(128,0.00,0.00,0.00,0.00,0.00,0.00,0.00,0.00,0.00,0.00,0.00,0.00,19.00,19.00,0.00),(129,0.00,0.00,0.00,0.00,0.00,0.00,0.00,0.00,0.00,0.00,0.00,0.00,19.00,19.00,0.00),(130,0.00,0.00,6.00,6.00,NULL,NULL,NULL,NULL,NULL,NULL,NULL,NULL,NULL,NULL,NULL),(131,0.00,0.00,0.00,0.00,0.00,0.00,0.00,0.00,0.00,0.00,0.00,0.00,0.00,0.00,0.00),(132,0.00,70.00,3.00,6.00,0.00,0.00,70.00,3.00,6.00,0.00,NULL,NULL,NULL,NULL,NULL),(133,0.00,0.00,NULL,NULL,NULL,0.00,0.00,NULL,NULL,NULL,NULL,NULL,NULL,NULL,NULL),(134,0.00,0.00,3.00,6.00,0.00,0.00,0.00,3.00,6.00,0.00,NULL,NULL,NULL,NULL,NULL),(135,0.00,0.00,0.00,0.00,0.00,0.00,0.00,0.00,0.00,0.00,NULL,NULL,NULL,NULL,NULL),(136,0.00,0.00,5.00,7.00,0.00,0.00,0.00,5.00,7.00,0.00,0.00,0.00,20.00,22.00,0.00),(137,0.00,0.00,0.00,2.00,0.00,0.00,0.00,0.00,2.00,0.00,0.00,0.00,20.00,22.00,0.00),(138,0.00,0.00,0.00,2.00,0.00,0.00,0.00,0.00,2.00,0.00,0.00,0.00,20.00,22.00,0.00),(139,0.00,0.00,0.00,5.00,0.00,0.00,0.00,0.00,5.00,0.00,NULL,NULL,NULL,NULL,NULL),(140,0.00,0.00,0.00,5.00,0.00,0.00,0.00,0.00,5.00,0.00,NULL,NULL,NULL,NULL,NULL),(141,0.00,0.00,0.00,0.00,0.00,0.00,0.00,0.00,0.00,0.00,NULL,NULL,NULL,NULL,NULL),(142,0.00,0.00,0.00,0.00,0.00,0.00,0.00,0.00,0.00,0.00,NULL,NULL,NULL,NULL,NULL),(143,0.00,39.00,6.00,6.00,0.00,0.00,0.00,6.00,6.00,0.00,0.00,39.00,19.00,21.00,29.00),(144,0.00,0.00,6.00,6.00,0.00,0.00,0.00,6.00,6.00,0.00,0.00,0.00,19.00,21.00,29.00),(145,0.00,0.00,0.00,0.00,0.00,0.00,0.00,0.00,0.00,0.00,0.00,0.00,19.00,19.00,0.00),(146,0.00,0.00,6.00,6.00,0.00,0.00,0.00,6.00,6.00,0.00,0.00,0.00,19.00,19.00,0.00),(147,0.00,0.00,0.00,0.00,0.00,0.00,0.00,0.00,0.00,0.00,0.00,0.00,19.00,19.00,0.00),(148,0.00,0.00,6.00,6.00,NULL,0.00,39.00,6.00,6.00,NULL,0.00,39.00,19.00,19.00,NULL),(149,0.00,0.00,0.00,0.00,0.00,0.00,0.00,0.00,0.00,0.00,0.00,0.00,19.00,19.00,0.00),(150,0.00,0.00,0.00,0.00,0.00,0.00,0.00,0.00,0.00,0.00,0.00,0.00,19.00,19.00,0.00),(151,0.00,0.00,NULL,NULL,0.00,0.00,0.00,NULL,NULL,0.00,NULL,NULL,NULL,NULL,NULL),(152,0.00,0.00,0.00,5.00,0.00,0.00,0.00,0.00,5.00,0.00,NULL,NULL,NULL,NULL,NULL),(153,0.00,0.00,0.00,0.00,0.00,0.00,0.00,0.00,0.00,0.00,NULL,NULL,NULL,NULL,NULL),(154,0.00,0.00,0.00,0.00,0.00,0.00,0.00,0.00,0.00,0.00,NULL,NULL,NULL,NULL,NULL),(155,0.00,0.00,0.00,0.00,0.00,0.00,0.00,0.00,0.00,0.00,NULL,NULL,NULL,NULL,NULL),(156,0.00,0.00,0.00,0.00,0.00,0.00,0.00,0.00,0.00,0.00,NULL,NULL,NULL,NULL,NULL);
/*!40000 ALTER TABLE `ceny_banking` ENABLE KEYS */;
UNLOCK TABLES;

--
-- Table structure for table `ceny_karty`
--

DROP TABLE IF EXISTS `ceny_karty`;
/*!40101 SET @saved_cs_client     = @@character_set_client */;
/*!40101 SET character_set_client = utf8 */;
CREATE TABLE `ceny_karty` (
  `ID` int(11) NOT NULL AUTO_INCREMENT,
  `karta_cena_id` int(11) NOT NULL,
  `karta_ID` int(11) NOT NULL,
  `karta_nazev` varchar(55) COLLATE utf8_czech_ci NOT NULL,
  `karta_druh` varchar(6) COLLATE utf8_czech_ci NOT NULL,
  `karta_typ` tinyint(4) NOT NULL,
  `kartaH_vedeni` decimal(10,2) DEFAULT NULL,
  `kartaH_vyber1` decimal(10,2) DEFAULT NULL,
  `kartaH_vyber2` decimal(10,2) DEFAULT NULL,
  `kartaH_vyber3` decimal(10,2) DEFAULT NULL,
  `kartaH_cashback` decimal(10,2) DEFAULT NULL,
  `kartaH_vklad` decimal(10,2) DEFAULT NULL,
  `kartaD_vedeni` decimal(10,2) DEFAULT NULL,
  `kartaD_vyber1` decimal(10,2) DEFAULT NULL,
  `kartaD_vyber2` decimal(10,2) DEFAULT NULL,
  `kartaD_vyber3` decimal(10,2) DEFAULT NULL,
  `kartaD_cashback` decimal(10,2) DEFAULT NULL,
  `kartaD_vklad` decimal(10,2) DEFAULT NULL,
  `kartaH_koment` text COLLATE utf8_czech_ci,
  `kartaD_koment` text COLLATE utf8_czech_ci,
  `kartaH_vydani` decimal(10,2) DEFAULT NULL,
  `kartaD_vydani` decimal(10,2) DEFAULT NULL,
  PRIMARY KEY (`ID`)
) ENGINE=InnoDB AUTO_INCREMENT=340 DEFAULT CHARSET=utf8 COLLATE=utf8_czech_ci;
/*!40101 SET character_set_client = @saved_cs_client */;

--
-- Dumping data for table `ceny_karty`
--

LOCK TABLES `ceny_karty` WRITE;
/*!40000 ALTER TABLE `ceny_karty` DISABLE KEYS */;
INSERT INTO `ceny_karty` VALUES (15,30,1,'Visa Classic','debet',2,29.00,5.00,5.00,40.00,0.00,0.00,33.33,5.00,5.00,40.00,0.00,0.00,'Vydává se od 8 let věku majitele účtu\r\nDotaz na zůstatek u cizí banky 20 Kč\r\n&#039;zpřátelené&#039; banky = skupina Erste v zahraničí\r\nVklad platí na vlastní účet\r\nVýběry z bankomatu ČS - 2 zdarma nebo za 29 Kč / měsíc všechny','Vedení 400 Kč / rok',0.00,400.00),(16,31,1,'Visa Classic','debet',1,0.00,9.00,9.00,9.00,0.00,NULL,0.00,35.00,35.00,35.00,0.00,NULL,'no comment','Obnovení rovněž 100 Kč',0.00,100.00),(17,31,2,'Visa PayWave','debet',2,0.00,9.00,9.00,9.00,0.00,NULL,0.00,35.00,35.00,35.00,0.00,NULL,'no comment','Obnovení rovněž 100 Kč',0.00,100.00),(18,32,1,'Debit Mastercard','debet',2,0.00,0.00,0.00,0.00,0.00,NULL,NULL,NULL,NULL,NULL,NULL,NULL,'Banka nemá vlastní bankomaty ani vkladomaty, poplatky za výběry z bankomatů ostatních bank jsou jednotné.','no comment',0.00,NULL),(19,33,1,'Debit Mastercard','debet',2,0.00,0.00,10.00,25.00,0.00,0.00,0.00,0.00,10.00,25.00,0.00,0.00,'&#039;zpřátelená&#039; banka = Sazka a.s.','Vydání třetí a další karty za 300 Kč.',0.00,0.00),(20,34,1,'Debit Mastercard','debet',2,0.00,0.00,0.00,0.00,0.00,0.00,0.00,0.00,0.00,0.00,0.00,0.00,'no comment','Vydání třetí, tj. druhé dodatkové a další karty 300 Kč',0.00,0.00),(21,35,1,'Maestro','debet',2,0.00,0.00,NULL,30.00,0.00,NULL,0.00,0.00,NULL,30.00,0.00,NULL,'11. a další výběr z bankomatu vlastní banky 9 Kč.\r\nZa každé 4000 Kč v součtu transakcí danou kartou výběr z cizího bankomatu zdarma, maximálně však 5 výběrů.\r\nDotaz na zůstatek v cizím bankomatu 9 Kč.','no comment',99.00,99.00),(22,35,2,'Mastercard Debit','debet',2,0.00,0.00,NULL,30.00,0.00,NULL,0.00,0.00,NULL,30.00,0.00,NULL,'Viz karta č.1','Zdarma jsou 2 karty pro různé držitele. Každá další jednorázově 99 Kč.',0.00,0.00),(23,35,3,'Mastercard Standard','debet',2,0.00,0.00,NULL,30.00,0.00,NULL,0.00,0.00,NULL,30.00,0.00,NULL,'Viz karta č.1','no comment',99.00,99.00),(24,35,4,'Mastercard/Visa Business','debet',2,110.00,0.00,NULL,30.00,0.00,NULL,110.00,0.00,NULL,30.00,0.00,NULL,'Viz karta č.1','no comment',0.00,0.00),(25,35,5,'Mastercard/Visa Gold','debet',2,275.00,0.00,NULL,30.00,0.00,NULL,275.00,0.00,NULL,30.00,0.00,NULL,'Viz karta č.1','no comment',0.00,0.00),(26,35,6,'Visa Classic','debet',2,0.00,0.00,NULL,30.00,0.00,NULL,0.00,0.00,NULL,30.00,0.00,NULL,'Viz karta č.1','no comment',150.00,150.00),(27,36,1,'Visa Classic','debet',2,0.00,NULL,28.00,28.00,NULL,NULL,NULL,NULL,NULL,NULL,NULL,NULL,'Banka nemá vlastní bankomaty, &#039;zpřátelená&#039; banka = Raiffeisenbank.\r\nZnovuvydání při ztrátě karty 80 Kč','no comment',0.00,NULL),(28,37,1,'Visa Classic','debet',2,0.00,NULL,18.00,18.00,NULL,NULL,NULL,NULL,NULL,NULL,NULL,NULL,'Banka nemá vlastní bankomaty ani vkladomaty. &#039;Zpřátelená&#039; banka = Raiffeisenbank.\r\nVýběry &gt;= 1000 Kč jsou zdarma. Cashback není možný.','Nenabízí se.',0.00,NULL),(29,38,1,'Dětské Maestro','debet',1,0.00,0.00,NULL,40.00,NULL,NULL,NULL,NULL,NULL,NULL,NULL,NULL,'Dotaz na zůstatek v cizím bankomatu 20 Kč, přehled o použití karty v bankomatu GE 10 Kč.\r\nPro děti od 8 let.','no comment',0.00,NULL),(30,39,1,'Maestro','debet',1,0.00,0.00,NULL,40.00,0.00,6.00,39.00,0.00,NULL,40.00,0.00,6.00,'Dotaz na zůstatek u bankomatu cizí banky 20 Kč, přehled o použití karty v bankomatu GE 10 Kč.\r\nCena za vklad podle http://www.vkladomat.cz/ge-money-bank.html','no comment',0.00,0.00),(31,39,2,'Mastercard Standard','debet',2,0.00,0.00,NULL,40.00,0.00,6.00,59.00,0.00,NULL,40.00,0.00,6.00,'Dotaz na zůstatek u bankomatu cizí banky 20 Kč, přehled o použití karty v bankomatu GE 10 Kč.\r\nCena za vklad podle http://www.vkladomat.cz/ge-money-bank.html','no comment',0.00,0.00),(34,40,1,'Maestro','debet',1,0.00,15.00,NULL,40.00,0.00,6.00,39.00,15.00,NULL,40.00,0.00,6.00,'Dotaz na zůstatek v bankomatu cizí banky 20 Kč, přehled o použití karty v bankomatu GE 10 Kč.\r\nCena za vklad podle http://www.vkladomat.cz/ge-money-bank.html','no comment',0.00,0.00),(35,40,2,'Mastercard Standard','debet',2,0.00,15.00,NULL,40.00,0.00,6.00,59.00,15.00,NULL,40.00,0.00,6.00,'Dotaz na zůstatek v bankomatu cizí banky 20 Kč, přehled o použití karty v bankomatu GE 10 Kč.\r\nCena za vklad podle http://www.vkladomat.cz/ge-money-bank.html','no comment',0.00,0.00),(36,41,1,'Maestro','debet',1,0.00,0.00,NULL,40.00,0.00,6.00,0.00,0.00,NULL,40.00,0.00,6.00,'Dotaz na zůstatek v bankomatu cizí banky 20 Kč, přehled o použití karty v bankomatu GE 10 Kč.\r\nCena za vklad podle http://www.vkladomat.cz/ge-money-bank.html','Vedení druhé a další dodatkové karty 39 Kč.',0.00,0.00),(37,41,2,'Mastercard Standard','debet',2,0.00,0.00,NULL,40.00,0.00,6.00,0.00,0.00,NULL,40.00,0.00,6.00,'Dotaz na zůstatek v bankomatu cizí banky 20 Kč, přehled o použití karty v bankomatu GE 10 Kč.\r\nCena za vklad podle http://www.vkladomat.cz/ge-money-bank.html','Vedení druhé a další dodatkové karty 59 Kč.',0.00,0.00),(38,42,1,'Maestro','debet',1,0.00,0.00,NULL,40.00,0.00,6.00,39.00,0.00,NULL,40.00,0.00,6.00,'Dotaz na zůstatek v cizím bankomatu 20 Kč, přehled o použití karty v bankomatu GE 10 Kč.\r\nCena za vklad podle http://www.vkladomat.cz/ge-money-bank.html','no comment',0.00,0.00),(39,42,2,'Mastercard Standard','debet',2,0.00,0.00,NULL,40.00,0.00,6.00,59.00,0.00,NULL,40.00,0.00,6.00,'Dotaz na zůstatek v cizím bankomatu 20 Kč, přehled o použití karty v bankomatu GE 10 Kč.\r\nCena za vklad podle http://www.vkladomat.cz/ge-money-bank.html','no comment',0.00,0.00),(40,42,3,'Mastercard Silver','debet',2,0.00,0.00,NULL,40.00,0.00,6.00,NULL,NULL,NULL,NULL,NULL,NULL,'Dotaz na zůstatek v cizím bankomatu 20 Kč, přehled o použití karty v bankomatu GE 10 Kč.\r\nCena za vklad podle http://www.vkladomat.cz/ge-money-bank.html','no comment',0.00,NULL),(41,43,1,'Maestro','debet',1,0.00,0.00,NULL,0.00,0.00,6.00,39.00,0.00,NULL,0.00,0.00,6.00,'Dotaz na zůstatek v cizím bankomatu 20 Kč, přehled o použití karty v bankomatu GE 10 Kč. Čtvrtý a další výběr z cizího bankomatu 40 Kč.\r\nCena za vklad podle http://www.vkladomat.cz/ge-money-bank.html','no comment',0.00,0.00),(42,43,2,'Mastercard Standard','debet',2,0.00,0.00,NULL,0.00,0.00,6.00,59.00,0.00,NULL,0.00,0.00,6.00,'Dotaz na zůstatek v cizím bankomatu 20 Kč, přehled o použití karty v bankomatu GE 10 Kč. Čtvrtý a další výběr z cizího bankomatu 40 Kč.\r\nCena za vklad podle http://www.vkladomat.cz/ge-money-bank.html','no comment',0.00,0.00),(43,43,3,'Mastercard Gold','debet',2,0.00,0.00,NULL,0.00,0.00,6.00,NULL,NULL,NULL,NULL,NULL,NULL,'Dotaz na zůstatek v cizím bankomatu 20 Kč, přehled o použití karty v bankomatu GE 10 Kč. Čtvrtý a další výběr z cizího bankomatu 40 Kč.\r\nCena za vklad podle http://www.vkladomat.cz/ge-money-bank.html','no comment',0.00,NULL),(44,44,1,'Maestro','debet',1,0.00,0.00,NULL,40.00,0.00,6.00,39.00,0.00,NULL,40.00,0.00,6.00,'Každý pátý a další výběr z bankomatu GE 15 Kč.\r\nDotaz na zůstatek v cizím bankomatu 20 Kč, přehled o použití karty v bankomatu GE 10 Kč.\r\nCena za vklad podle http://www.vkladomat.cz/ge-money-bank.html','no comment',0.00,0.00),(45,44,2,'Mastercard Standard','debet',2,0.00,0.00,NULL,40.00,0.00,6.00,59.00,0.00,NULL,40.00,0.00,6.00,'Každý pátý a další výběr z bankomatu GE 15 Kč.\r\nDotaz na zůstatek v cizím bankomatu 20 Kč, přehled o použití karty v bankomatu GE 10 Kč.\r\nCena za vklad podle http://www.vkladomat.cz/ge-money-bank.html','no comment',0.00,0.00),(46,45,1,'Maestro','debet',1,0.00,15.00,NULL,40.00,0.00,6.00,39.00,15.00,NULL,40.00,0.00,6.00,'no comment','no comment',0.00,0.00),(47,45,2,'Mastercard Standard','debet',2,0.00,15.00,NULL,40.00,0.00,6.00,59.00,15.00,NULL,40.00,0.00,6.00,'no comment','no comment',0.00,0.00),(48,46,1,'Mastercard BASIC','debet',2,0.00,0.00,NULL,0.00,0.00,NULL,45.00,0.00,NULL,0.00,0.00,NULL,'no comment','no comment',0.00,0.00),(49,46,2,'Mastercard Standard','debet',2,65.00,0.00,NULL,0.00,0.00,NULL,65.00,0.00,NULL,0.00,0.00,NULL,'no comment','no comment',0.00,0.00),(50,47,1,'Mastercard BASIC','debet',2,0.00,0.00,NULL,0.00,0.00,NULL,45.00,0.00,NULL,0.00,0.00,NULL,'no comment','no comment',0.00,0.00),(51,47,2,'Mastercard Standard','debet',2,0.00,0.00,NULL,0.00,0.00,NULL,65.00,0.00,NULL,0.00,0.00,NULL,'no comment','no comment',0.00,0.00),(52,48,1,'Mastercard BASIC','debet',2,0.00,0.00,NULL,0.00,0.00,NULL,45.00,0.00,NULL,0.00,0.00,NULL,'no comment','no comment',0.00,0.00),(53,48,2,'Mastercard Standard','debet',2,65.00,0.00,NULL,0.00,0.00,NULL,65.00,0.00,NULL,0.00,0.00,NULL,'no comment','no comment',0.00,0.00),(54,49,1,'Debit Mastercard','debet',1,0.00,0.00,NULL,30.00,0.00,0.00,NULL,NULL,NULL,NULL,NULL,NULL,'Vydávána od 8 let věku klienta.','no comment',0.00,NULL),(55,50,1,'Debit Mastercard / Visa Basic','debet',1,0.00,0.00,NULL,0.00,0.00,0.00,NULL,NULL,NULL,NULL,NULL,NULL,'no comment','no comment',0.00,NULL),(56,51,1,'Debit Mastercard / Visa Basic','debet',1,0.00,5.00,NULL,30.00,0.00,0.00,NULL,NULL,NULL,NULL,NULL,NULL,'Při splnění podmínek pro vedení účtu zdarma jsou všechny výběry rovněž zdarma.','no comment',0.00,NULL),(57,52,1,'Mastercard Gold','debet',1,0.00,0.00,NULL,0.00,0.00,0.00,NULL,NULL,NULL,NULL,NULL,NULL,'no comment','no comment',0.00,NULL),(58,52,2,'Debit Mastercard / Visa BASIC','debet',1,0.00,0.00,NULL,0.00,0.00,0.00,NULL,NULL,NULL,NULL,NULL,NULL,'no comment','no comment',0.00,NULL),(59,53,1,'Debit Mastercard','debet',2,0.00,0.00,NULL,35.00,0.00,0.00,45.00,0.00,NULL,35.00,0.00,0.00,'Každý 3. a další výběr z bankomatu ČSOB 6 Kč.','no comment',0.00,0.00),(60,53,2,'Visa Electron','debet',1,20.00,6.00,NULL,35.00,0.00,0.00,20.00,6.00,NULL,35.00,0.00,0.00,'no comment','no comment',0.00,0.00),(61,54,1,'Debit Mastercard','debet',2,0.00,0.00,NULL,35.00,0.00,0.00,0.00,0.00,NULL,35.00,0.00,0.00,'Každý 6. a další výběr z bankomatu ČSOB 6 Kč.','no comment',0.00,0.00),(62,54,2,'Visa Electron','debet',1,20.00,6.00,NULL,35.00,0.00,0.00,20.00,6.00,NULL,35.00,0.00,0.00,'no comment','no comment',0.00,0.00),(64,55,1,'Mastercard Gold','debet',2,0.00,0.00,NULL,35.00,0.00,0.00,0.00,0.00,NULL,35.00,0.00,0.00,'no comment','Debit Mastercard',0.00,0.00),(65,55,2,'Visa Electron','debet',1,20.00,6.00,NULL,35.00,0.00,0.00,20.00,6.00,NULL,35.00,0.00,0.00,'no comment','no comment',0.00,0.00),(67,56,1,'Debit Mastercard','debet',2,0.00,0.00,NULL,35.00,0.00,0.00,45.00,0.00,NULL,35.00,0.00,0.00,'no comment','no comment',0.00,0.00),(68,56,2,'Visa Electron','debet',1,20.00,6.00,NULL,35.00,0.00,0.00,20.00,6.00,NULL,35.00,0.00,0.00,'no comment','no comment',0.00,0.00),(71,57,2,'Visa Electron','debet',1,20.00,6.00,NULL,35.00,0.00,0.00,20.00,6.00,NULL,35.00,0.00,0.00,'Každý 5. a další výběr z bankomatu ČSOB 6 Kč.','no comment',0.00,0.00),(73,58,1,'Debit Mastercard','debet',2,45.00,6.00,NULL,35.00,0.00,0.00,45.00,6.00,NULL,35.00,0.00,0.00,'no comment','no comment',0.00,0.00),(74,58,2,'Visa Electron','debet',1,20.00,6.00,NULL,35.00,0.00,0.00,20.00,6.00,NULL,35.00,0.00,0.00,'no comment','no comment',0.00,0.00),(76,59,1,'Debit Mastercard','debet',2,10.00,NULL,5.00,30.00,0.00,0.00,10.00,NULL,5.00,30.00,0.00,0.00,'Při vedení účtu v rámci balíčku &#039;Era spolu&#039; vedení karty zdarma pro první disponující osobu.\r\nPro osoby ve věku do 26 let první 2 výběry z bankomatu ČSOB (&#039;zpřátelené&#039; banky) v měsíci zdarma.','no comment',0.00,350.00),(77,59,2,'Visa Classic','debet',2,42.00,NULL,5.00,30.00,0.00,0.00,42.00,NULL,5.00,30.00,0.00,0.00,'&#039;zpřátelená&#039; banka je ČSOB','no comment',0.00,350.00),(78,60,1,'Debit Mastercard','debet',2,0.00,NULL,0.00,39.00,0.00,0.00,26.00,NULL,0.00,39.00,0.00,0.00,'no comment','no comment',0.00,350.00),(79,60,2,'Visa Classic','debet',2,42.00,NULL,5.00,30.00,0.00,0.00,42.00,NULL,5.00,30.00,0.00,0.00,'&#039;zpřátelená&#039; banka je ČSOB','no comment',0.00,350.00),(81,62,1,'Mastercard / Visa','debet',2,0.00,9.00,NULL,39.00,0.00,0.00,41.00,9.00,NULL,39.00,0.00,0.00,'no comment','Vedení karty ročně 490 Kč.',0.00,0.00),(82,62,2,'Visa Electron / Maestro','debet',1,17.00,9.00,NULL,39.00,0.00,0.00,17.00,9.00,NULL,39.00,0.00,0.00,'Vedení karty ročně 200 Kč.','no comment',0.00,0.00),(83,63,1,'Mastercard / Visa','debet',2,0.00,9.00,NULL,39.00,0.00,0.00,41.00,9.00,NULL,39.00,0.00,0.00,'no comment','Vedení karty ročně 490 Kč.',0.00,0.00),(84,63,2,'Visa Electron / Maestro','debet',1,17.00,9.00,NULL,39.00,0.00,0.00,17.00,9.00,NULL,39.00,0.00,0.00,'Vedení karty ročně 200 Kč.','no comment',0.00,0.00),(86,63,3,'e-Card','debet',3,6.00,NULL,NULL,NULL,NULL,NULL,NULL,NULL,NULL,NULL,NULL,NULL,'Vedení karty ročně 65 Kč.','no comment',0.00,NULL),(87,62,3,'e-Card','debet',3,6.00,NULL,NULL,NULL,NULL,NULL,NULL,NULL,NULL,NULL,NULL,NULL,'Vedení karty ročně 65 Kč.','no comment',0.00,NULL),(88,64,1,'Mastercard / Visa','debet',2,41.00,9.00,NULL,39.00,0.00,0.00,41.00,9.00,NULL,39.00,0.00,0.00,'Vedení karty ročně 490 Kč.','no comment',0.00,0.00),(89,64,2,'Visa Electron / Maestro','debet',1,17.00,9.00,NULL,39.00,0.00,0.00,17.00,9.00,NULL,39.00,0.00,0.00,'Vedení karty ročně 200 Kč.','no comment',0.00,0.00),(90,64,3,'e-Card','debet',3,6.00,NULL,NULL,NULL,NULL,NULL,NULL,NULL,NULL,NULL,NULL,NULL,'Vedení karty ročně 65 Kč.','no comment',0.00,NULL),(91,65,1,'Prima karta (Maestro)','debet',1,0.00,0.00,NULL,39.00,0.00,0.00,NULL,NULL,NULL,NULL,NULL,NULL,'Dotaz na zůstatek v bankomatu 2.50 Kč, dotaz v cizím bankomatu 10 Kč.','no comment',0.00,NULL),(92,66,1,'Mastercard / Visa','debet',2,41.00,9.00,NULL,39.00,0.00,0.00,41.00,9.00,NULL,39.00,0.00,0.00,'Vedení karty ročně 490 Kč.','no comment',0.00,0.00),(93,66,2,'Visa Electron / Maestro','debet',1,17.00,9.00,NULL,39.00,0.00,0.00,17.00,9.00,NULL,39.00,0.00,0.00,'Vedení karty ročně 200 Kč.','no comment',0.00,0.00),(94,66,3,'e-Card','debet',3,6.00,NULL,NULL,NULL,NULL,NULL,NULL,NULL,NULL,NULL,NULL,NULL,'Vedení karty ročně 65 Kč.','no comment',0.00,NULL),(95,67,1,'Mastercard / Visa','debet',2,0.00,9.00,NULL,39.00,0.00,0.00,41.00,9.00,NULL,39.00,0.00,0.00,'no comment','Vedení karty ročně 490 Kč.',0.00,0.00),(96,67,2,'Visa Electron / Maestro','debet',1,17.00,9.00,NULL,39.00,0.00,0.00,17.00,9.00,NULL,39.00,0.00,0.00,'Vedení karty ročně 200 Kč.','no comment',0.00,0.00),(97,67,3,'e-Card','debet',3,0.00,NULL,NULL,NULL,NULL,NULL,NULL,NULL,NULL,NULL,NULL,NULL,'no comment','no comment',0.00,NULL),(98,67,4,'Zlatá karta (Mastercard)','debet',2,0.00,9.00,NULL,39.00,0.00,0.00,0.00,9.00,NULL,39.00,0.00,0.00,'Za každou platbu kartou u obchodníka banka vrací jakýkoli poplatek za výběr z bankomatun, i cizí banky (ve stejném pořadí, jak byly výběry realizovány).','Každá další za roční poplatek 2990 Kč.',0.00,0.00),(99,67,5,'Platinum Visa','debet',2,0.00,0.00,NULL,0.00,0.00,0.00,409.00,0.00,NULL,0.00,0.00,0.00,'Na kartu se nevztahuje poplatek na dotaz na zůstatek z kteréhokoli bankomatu.','Roční poplatek za vedení 4900 Kč.',0.00,0.00),(100,68,1,'Maestro/Visa Electron','debet',1,0.00,5.00,10.00,37.00,0.00,NULL,19.00,5.00,10.00,37.00,0.00,NULL,'no comment','no comment',0.00,0.00),(101,68,2,'Mastercard Standard/Visa Classic','debet',2,29.00,5.00,10.00,37.00,0.00,NULL,29.00,5.00,10.00,37.00,0.00,NULL,'no comment','no comment',0.00,0.00),(102,68,3,'Mastercard Gold/Visa Gold','debet',2,350.00,5.00,10.00,37.00,0.00,NULL,350.00,5.00,10.00,37.00,0.00,NULL,'no comment','no comment',0.00,0.00),(103,69,1,'Maestro/Visa Electron','debet',1,0.00,5.00,10.00,37.00,0.00,NULL,0.00,5.00,10.00,37.00,0.00,NULL,'no comment','no comment',0.00,0.00),(104,69,2,'Mastercard Standard/Visa Classic','debet',2,0.00,5.00,10.00,37.00,0.00,NULL,0.00,5.00,10.00,37.00,0.00,NULL,'no comment','no comment',0.00,0.00),(105,69,3,'Mastercard Gold/Visa Gold','debet',2,350.00,5.00,10.00,37.00,0.00,NULL,350.00,5.00,10.00,37.00,0.00,NULL,'no comment','no comment',0.00,0.00),(106,70,1,'Maestro/Visa Electron','debet',1,0.00,0.00,0.00,0.00,0.00,NULL,0.00,0.00,0.00,0.00,0.00,NULL,'no comment','no comment',0.00,0.00),(107,70,2,'Mastercard Standard/Visa Classic','debet',2,0.00,0.00,0.00,0.00,0.00,NULL,0.00,0.00,0.00,0.00,0.00,NULL,'no comment','no comment',0.00,0.00),(108,70,3,'Mastercard Gold/Visa Gold','debet',2,350.00,0.00,0.00,0.00,0.00,NULL,350.00,0.00,0.00,0.00,0.00,NULL,'no comment','no comment',0.00,0.00),(109,71,1,'Maestro/Visa Electron','debet',1,19.00,5.00,10.00,37.00,0.00,NULL,19.00,5.00,10.00,37.00,0.00,NULL,'no comment','no comment',0.00,0.00),(110,71,2,'Mastercard Standard/Visa Classic','debet',2,41.00,5.00,10.00,37.00,0.00,NULL,41.00,5.00,10.00,37.00,0.00,NULL,'no comment','no comment',0.00,0.00),(111,71,3,'Mastercard Gold/Visa Gold','debet',2,350.00,5.00,10.00,37.00,0.00,NULL,350.00,5.00,10.00,37.00,0.00,NULL,'no comment','no comment',0.00,0.00),(112,72,1,'Maestro','debet',1,60.00,NULL,NULL,6.50,NULL,NULL,NULL,NULL,NULL,NULL,NULL,NULL,'no comment','no comment',0.00,NULL),(113,72,2,'Mastercard Standard','debet',2,65.00,NULL,NULL,6.50,NULL,NULL,NULL,NULL,NULL,NULL,NULL,NULL,'no comment','no comment',0.00,NULL),(114,72,3,'Mastercard Gold','debet',2,350.00,NULL,NULL,6.50,NULL,NULL,NULL,NULL,NULL,NULL,NULL,NULL,'no comment','no comment',0.00,NULL),(115,73,1,'Maestro','debet',1,60.00,NULL,NULL,6.50,NULL,NULL,NULL,NULL,NULL,NULL,NULL,NULL,'no comment','no comment',0.00,NULL),(116,73,2,'Mastercard Standard','debet',2,65.00,NULL,NULL,6.50,NULL,NULL,NULL,NULL,NULL,NULL,NULL,NULL,'Volitelná výhoda č. 2.','no comment',0.00,NULL),(117,73,3,'Mastercard Gold','debet',2,350.00,NULL,NULL,6.50,NULL,NULL,NULL,NULL,NULL,NULL,NULL,NULL,'no comment','no comment',0.00,NULL),(118,74,1,'Debit MasterCard (Maxkarta)','debet',2,0.00,NULL,0.00,40.00,0.00,0.00,26.00,NULL,0.00,40.00,0.00,0.00,'no comment','no comment',0.00,350.00),(119,74,2,'Visa Classic','debet',2,42.00,NULL,5.00,40.00,0.00,0.00,42.00,NULL,5.00,40.00,0.00,0.00,'no comment','no comment',0.00,0.00),(121,74,3,'Debit MasterCard','debet',4,9.00,NULL,NULL,NULL,NULL,NULL,NULL,NULL,NULL,NULL,NULL,NULL,'no comment','no comment',0.00,NULL),(122,75,1,'Dětské Maestro','debet',1,0.00,0.00,NULL,49.00,NULL,NULL,NULL,NULL,NULL,NULL,NULL,NULL,'Karta je určená pouze pro výběr hotovosti z bankomatů a/nebo dobíjení mobilního telefonu do celkového limitu 2000 Kč měsíčně.\r\nDotaz na zůstatek v cizím bankomatu 25 Kč, přehled o použití karty v bankomatu Moneta Money Bank 10 Kč.','no comment',0.00,NULL),(123,76,1,'Maestro','debet',1,0.00,0.00,NULL,49.00,0.00,6.00,39.00,0.00,NULL,49.00,0.00,6.00,'no comment','no comment',0.00,0.00),(124,76,2,'Mastercard Standard','debet',2,0.00,0.00,NULL,49.00,0.00,6.00,59.00,0.00,NULL,49.00,0.00,6.00,'no comment','no comment',0.00,0.00),(125,77,1,'Maestro','debet',1,0.00,0.00,NULL,49.00,0.00,6.00,39.00,0.00,NULL,49.00,0.00,6.00,'no comment','no comment',0.00,0.00),(126,77,2,'Mastercard Standard','debet',2,0.00,0.00,NULL,49.00,0.00,6.00,59.00,0.00,NULL,49.00,0.00,6.00,'no comment','no comment',0.00,0.00),(127,78,1,'Maestro','debet',1,0.00,0.00,NULL,49.00,0.00,6.00,39.00,0.00,NULL,0.00,0.00,6.00,'no comment','no comment',0.00,0.00),(128,78,2,'Mastercard Standard','debet',2,0.00,0.00,NULL,49.00,0.00,6.00,59.00,0.00,NULL,0.00,0.00,6.00,'no comment','no comment',0.00,0.00),(129,78,3,'Mastercard Gold','debet',2,0.00,0.00,NULL,49.00,0.00,6.00,169.00,0.00,NULL,0.00,0.00,6.00,'no comment','no comment',0.00,0.00),(130,79,1,'Maestro','debet',1,39.00,15.00,NULL,49.00,0.00,6.00,39.00,15.00,NULL,49.00,0.00,6.00,'no comment','no comment',0.00,0.00),(131,79,2,'Mastercard Standard','debet',2,59.00,15.00,NULL,49.00,0.00,6.00,59.00,15.00,NULL,49.00,0.00,6.00,'no comment','no comment',0.00,0.00),(133,79,3,'MasterCard Silver','debet',2,99.00,15.00,NULL,49.00,0.00,6.00,99.00,15.00,NULL,49.00,0.00,6.00,'no comment','no comment',0.00,0.00),(134,79,4,'MasterCard Gold','debet',2,169.00,15.00,NULL,49.00,0.00,6.00,169.00,15.00,NULL,49.00,0.00,6.00,'no comment','no comment',0.00,0.00),(136,80,1,'Mastercard Standard','debet',2,0.00,0.00,NULL,49.00,0.00,6.00,59.00,0.00,NULL,49.00,0.00,6.00,'no comment','no comment',0.00,0.00),(137,81,1,'Visa Classic / Visa PayWave / MasterCard Debit','debet',2,29.00,NULL,NULL,29.00,0.00,0.00,8.00,NULL,NULL,29.00,0.00,0.00,'Vedení je zdarma, pokud celkový bezhotovostní objem zaúčtovaných plateb danou debetní kartou vydanou k mKontu (do objemu se počítají všechny hlavní debetní karty\r\nvydané na jméno majitele účtu) v daném měsíci bude vyšší než 1 500 Kč nebo držitel debetní karty je vlastník úvěrového produktu u mBank (půjčka, hypotéka, kreditní karta nebo povolené přečerpání).\r\nVýběry hlavní kartou jsou rovněž zdarma při částce alespoň 1 500 Kč za výběr.','Vedení 100 Kč ročně, obnovení rovněž 100 Kč',0.00,100.00),(138,81,2,'MasterCard Gold','debet',2,99.00,NULL,NULL,0.00,0.00,0.00,99.00,NULL,NULL,0.00,0.00,0.00,'Vedení je zdarma, pokud bezhotovostní objem zaúčtovaných plateb všemi typy hlavních debetních a hlavních kreditních karet vyjma eMax vydaných na jméno majitele účtu\r\nv daném měsíci bude vyšší než 10 000 Kč.','Vedení je zdarma, pokud bezhotovostní objem zaúčtovaných plateb danou kartou v daném měsíci bude vyšší než 10 000 Kč.',0.00,0.00),(139,82,1,'Visa PayWave / MasterCard Debit','debet',2,0.00,NULL,NULL,29.00,0.00,0.00,8.00,NULL,NULL,29.00,0.00,0.00,'První 3 výběry hlavní kartou jsou zdarma, další za poplatek 29 Kč.','Vedení 100 Kč ročně (od druhého roku), obnovení rovněž 100 Kč.',0.00,100.00),(142,83,1,'MasterCard Debit','debet',2,0.00,NULL,NULL,29.00,0.00,0.00,NULL,NULL,NULL,NULL,NULL,NULL,'První 3 výběry hlavní kartou jsou zdarma, další za poplatek 29 Kč.','no comment',0.00,NULL),(143,84,1,'Debit Mastercard','debet',2,0.00,0.00,10.00,25.00,0.00,0.00,0.00,0.00,10.00,25.00,0.00,0.00,'no comment','no comment',0.00,0.00),(144,85,1,'Debit Mastercard','debet',2,0.00,0.00,0.00,0.00,0.00,0.00,0.00,0.00,0.00,0.00,0.00,0.00,'no comment','no comment',0.00,0.00),(145,86,1,'Debit Mastercard','debet',2,0.00,NULL,NULL,0.00,0.00,NULL,NULL,NULL,NULL,NULL,NULL,NULL,'no comment','no comment',0.00,NULL),(146,86,2,'Debit Mastercard Gold (Premium)','debet',2,89.00,NULL,NULL,0.00,0.00,NULL,NULL,NULL,NULL,NULL,NULL,NULL,'Více o výhodách karty Premium a Premium Plus na adrese https://www.equabank.cz/bezny-ucet/platebni-karty/.','no comment',0.00,NULL),(147,86,3,'Debit Mastercard Gold (Premium Plus)','debet',2,129.00,NULL,NULL,0.00,0.00,NULL,NULL,NULL,NULL,NULL,NULL,NULL,'Dotaz na zůstatek v bankomatu je zdarma.\r\nVíce o výhodách karty Premium a Premium Plus na adrese https://www.equabank.cz/bezny-ucet/platebni-karty/.','no comment',0.00,NULL),(148,87,1,'Visa Classic / Mastercard','debet',2,0.00,5.00,NULL,40.00,0.00,0.00,45.00,5.00,NULL,40.00,0.00,0.00,'no comment','no comment',0.00,0.00),(149,87,2,'MasterCard Gold','debet',2,69.00,0.00,NULL,40.00,0.00,0.00,69.00,0.00,NULL,40.00,0.00,0.00,'no comment','no comment',0.00,0.00),(150,88,1,'Visa Classic / Mastercard','debet',2,0.00,0.00,NULL,40.00,0.00,0.00,0.00,0.00,NULL,40.00,0.00,0.00,'no comment','no comment',0.00,0.00),(151,88,2,'MasterCard Gold','debet',2,69.00,0.00,NULL,40.00,0.00,0.00,69.00,0.00,NULL,40.00,0.00,0.00,'no comment','no comment',0.00,0.00),(152,89,1,'Visa Classic / Debit Mastercard','debet',2,0.00,0.00,NULL,40.00,0.00,0.00,0.00,0.00,NULL,40.00,0.00,0.00,'no comment','no comment',0.00,0.00),(153,89,2,'MasterCard Gold','debet',2,69.00,0.00,NULL,40.00,0.00,0.00,69.00,0.00,NULL,40.00,0.00,0.00,'no comment','no comment',0.00,0.00),(155,89,3,'Visa Infinite','debet',2,0.00,0.00,NULL,0.00,0.00,0.00,200.00,0.00,NULL,0.00,0.00,0.00,'no comment','no comment',0.00,0.00),(156,90,1,'Visa Classic','debet',2,0.00,5.00,NULL,40.00,0.00,0.00,NULL,NULL,NULL,NULL,NULL,NULL,'Zdarma 4 výběry z bankomatu ČSOB, další 5 Kč.','no comment',0.00,NULL),(157,90,2,'MasterCard Gold','debet',2,69.00,0.00,NULL,40.00,0.00,0.00,NULL,NULL,NULL,NULL,NULL,NULL,'no comment','no comment',0.00,NULL),(158,91,1,'Visa Classic / Mastercard','debet',2,0.00,5.00,5.00,40.00,0.00,0.00,10.00,5.00,5.00,40.00,0.00,0.00,'no comment','no comment',0.00,0.00),(161,92,1,'Visa Classic / Mastercard','debet',2,0.00,0.00,0.00,40.00,0.00,0.00,0.00,0.00,0.00,40.00,0.00,0.00,'no comment','no comment',0.00,0.00),(162,94,1,'Visa Classic','debet',2,0.00,5.00,5.00,40.00,0.00,0.00,25.00,5.00,5.00,40.00,0.00,0.00,'Dotaz na zůstatek prostřednictvím bankomatu cizí banky 20 Kč.\r\nVklad na vlastní účet je zdarma. Vklad na cizí účet u ČS 5 Kč, vklad na účet mimo ČS min. 80 Kč.','no comment',0.00,0.00),(163,95,1,'Visa Classic','debet',2,0.00,0.00,5.00,40.00,0.00,0.00,25.00,0.00,5.00,40.00,0.00,0.00,'Dotaz na zůstatek prostřednictvím bankomatu cizí banky 20 Kč.\r\nVklad vlastní účet je zdarma. Vklad na cizí účet u ČS 5 Kč, vklad na účet mimo ČS min. 80 Kč.','no comment',0.00,0.00),(164,96,1,'Visa Classic','debet',2,0.00,0.00,5.00,40.00,0.00,0.00,25.00,0.00,5.00,40.00,0.00,0.00,'Dotaz na zůstatek prostřednictvím bankomatu cizí banky 20 Kč.\r\nVklad vlastní účet je zdarma. Vklad na cizí účet u ČS 5 Kč, vklad na účet mimo ČS min. 80 Kč.','no comment',0.00,0.00),(165,97,1,'MasterCard BASIC / VISA Electron / Maestro','debet',2,0.00,0.00,NULL,0.00,0.00,0.00,45.00,0.00,NULL,0.00,0.00,0.00,'no comment','no comment',0.00,0.00),(166,97,2,'MasterCard STANDARD / VISA Classic','debet',2,65.00,0.00,NULL,0.00,0.00,0.00,65.00,0.00,NULL,0.00,0.00,0.00,'no comment','no comment',0.00,0.00),(168,97,3,'MasterCard GOLD BASE','debet',2,85.00,0.00,NULL,0.00,0.00,0.00,85.00,0.00,NULL,0.00,0.00,0.00,'no comment','no comment',0.00,0.00),(169,97,4,'MasterCard GOLD / VISA Gold','debet',2,350.00,0.00,NULL,0.00,0.00,0.00,350.00,0.00,NULL,0.00,0.00,0.00,'no comment','no comment',0.00,0.00),(170,98,1,'MasterCard BASIC / VISA Electron / Maestro','debet',2,0.00,0.00,NULL,0.00,0.00,0.00,45.00,0.00,NULL,0.00,0.00,0.00,'no comment','no comment',0.00,0.00),(171,98,2,'MasterCard STANDARD / VISA Classic','debet',2,0.00,0.00,NULL,0.00,0.00,0.00,65.00,0.00,NULL,0.00,0.00,0.00,'no comment','no comment',0.00,0.00),(172,98,3,'MasterCard GOLD BASE','debet',2,0.00,0.00,NULL,0.00,0.00,0.00,85.00,0.00,NULL,0.00,0.00,0.00,'no comment','no comment',0.00,0.00),(173,98,4,'MasterCard GOLD / VISA Gold','debet',2,350.00,0.00,NULL,0.00,0.00,0.00,350.00,0.00,NULL,0.00,0.00,0.00,'no comment','no comment',0.00,0.00),(177,99,1,'MasterCard BASIC / VISA Electron / Maestro','debet',2,0.00,0.00,NULL,0.00,0.00,0.00,45.00,0.00,NULL,0.00,0.00,0.00,'no comment','no comment',0.00,0.00),(178,99,2,'MasterCard STANDARD / VISA Classic','debet',2,65.00,0.00,NULL,0.00,0.00,0.00,65.00,0.00,NULL,0.00,0.00,0.00,'no comment','no comment',0.00,0.00),(179,99,3,'MasterCard GOLD BASE','debet',2,85.00,0.00,NULL,0.00,0.00,0.00,85.00,0.00,NULL,0.00,0.00,0.00,'no comment','no comment',0.00,0.00),(180,99,4,'MasterCard GOLD / VISA Gold','debet',2,350.00,0.00,NULL,0.00,0.00,0.00,350.00,0.00,NULL,0.00,0.00,0.00,'no comment','no comment',0.00,0.00),(181,100,1,'Maestro','debet',2,0.00,0.00,NULL,30.00,0.00,NULL,0.00,0.00,NULL,30.00,0.00,NULL,'no comment','no comment',99.00,99.00),(182,100,2,'Mastercard Debit','debet',2,0.00,0.00,NULL,30.00,0.00,NULL,0.00,0.00,NULL,30.00,0.00,NULL,'Zdarma jsou 2 karty pro různé držitele. Každá další vydání za 99 Kč.','no comment',0.00,0.00),(183,100,3,'Mastercard Standard','debet',2,0.00,0.00,NULL,30.00,0.00,NULL,0.00,0.00,NULL,30.00,0.00,NULL,'Viz karta č.1','no comment',99.00,99.00),(184,100,4,'Mastercard/Visa Business','debet',2,110.00,0.00,NULL,30.00,0.00,NULL,110.00,0.00,NULL,30.00,0.00,NULL,'no comment','no comment',0.00,0.00),(185,100,5,'Mastercard / Visa Gold','debet',2,275.00,0.00,NULL,30.00,0.00,NULL,275.00,0.00,NULL,30.00,0.00,NULL,'no comment','no comment',0.00,0.00),(186,100,6,'Visa Classic','debet',2,0.00,0.00,NULL,30.00,0.00,NULL,0.00,0.00,NULL,30.00,0.00,NULL,'no comment','no comment',150.00,150.00),(187,101,1,'Maestro/Visa Electron','debet',1,19.00,5.00,10.00,37.00,0.00,NULL,19.00,5.00,10.00,37.00,0.00,NULL,'no comment','no comment',0.00,0.00),(188,101,2,'Mastercard Standard/Visa Classic','debet',2,41.00,5.00,10.00,37.00,0.00,NULL,41.00,5.00,10.00,37.00,0.00,NULL,'no comment','no comment',0.00,0.00),(189,101,3,'Mastercard Gold/Visa Gold','debet',2,350.00,5.00,10.00,37.00,0.00,NULL,350.00,5.00,10.00,37.00,0.00,NULL,'no comment','no comment',0.00,0.00),(190,102,1,'Maestro/Visa Electron','debet',1,0.00,0.00,0.00,37.00,0.00,NULL,19.00,0.00,0.00,37.00,0.00,NULL,'no comment','no comment',0.00,0.00),(191,102,2,'Mastercard Standard/Visa Classic','debet',2,0.00,0.00,0.00,37.00,0.00,NULL,41.00,0.00,0.00,37.00,0.00,NULL,'no comment','no comment',0.00,0.00),(192,102,3,'Mastercard Gold/Visa Gold','debet',2,350.00,0.00,0.00,37.00,0.00,NULL,350.00,0.00,0.00,37.00,0.00,NULL,'no comment','no comment',0.00,0.00),(193,103,1,'Maestro/Visa Electron','debet',1,0.00,0.00,0.00,0.00,0.00,NULL,19.00,0.00,0.00,0.00,0.00,NULL,'no comment','no comment',0.00,0.00),(194,103,2,'Mastercard Standard/Visa Classic','debet',2,0.00,0.00,0.00,0.00,0.00,NULL,41.00,0.00,0.00,0.00,0.00,NULL,'no comment','no comment',0.00,0.00),(195,103,3,'Mastercard Gold/Visa Gold','debet',2,350.00,0.00,0.00,0.00,0.00,NULL,350.00,0.00,0.00,0.00,0.00,NULL,'no comment','no comment',0.00,0.00),(196,104,1,'Visa Electron','debet',1,19.00,5.00,10.00,37.00,0.00,NULL,19.00,5.00,10.00,37.00,0.00,NULL,'no comment','no comment',0.00,0.00),(198,105,2,'Mastercard Standard','debet',2,65.00,NULL,NULL,6.50,NULL,NULL,NULL,NULL,NULL,NULL,NULL,NULL,'no comment','no comment',0.00,NULL),(199,105,3,'Mastercard Gold','debet',2,350.00,NULL,NULL,6.50,NULL,NULL,NULL,NULL,NULL,NULL,NULL,NULL,'no comment','no comment',0.00,NULL),(200,106,1,'Mastercard Standard','debet',2,0.00,NULL,NULL,0.00,NULL,NULL,0.00,NULL,NULL,0.00,NULL,NULL,'no comment','no comment',0.00,0.00),(201,106,2,'Mastercard Gold','debet',2,350.00,NULL,NULL,0.00,NULL,NULL,NULL,NULL,NULL,NULL,NULL,NULL,'no comment','no comment',0.00,NULL),(202,107,1,'Mastercard Standard','debet',2,0.00,NULL,NULL,0.00,NULL,NULL,0.00,NULL,NULL,0.00,NULL,NULL,'no comment','no comment',0.00,0.00),(203,107,2,'Mastercard Gold','debet',2,0.00,NULL,NULL,0.00,NULL,NULL,NULL,NULL,NULL,NULL,NULL,NULL,'no comment','no comment',0.00,NULL),(204,108,1,'Debit Mastercard / Visa Basic','debet',1,0.00,5.00,NULL,30.00,0.00,0.00,NULL,NULL,NULL,NULL,NULL,NULL,'Při splnění podmínek pro vedení účtu zdarma jsou všechny výběry rovněž zdarma.','no comment',0.00,NULL),(205,109,1,'Mastercard Gold','debet',2,0.00,0.00,NULL,0.00,0.00,0.00,NULL,NULL,NULL,NULL,NULL,NULL,'no comment','no comment',0.00,NULL),(206,109,2,'Debit Mastercard','debet',2,0.00,0.00,NULL,0.00,0.00,0.00,NULL,NULL,NULL,NULL,NULL,NULL,'no comment','no comment',0.00,NULL),(208,110,1,'Debit Mastercard','debet',1,0.00,0.00,NULL,30.00,0.00,0.00,NULL,NULL,NULL,NULL,NULL,NULL,'Vydávána od 8 let věku klienta.','no comment',0.00,NULL),(209,111,1,'Debit Mastercard','debet',2,42.00,5.00,NULL,30.00,0.00,0.00,NULL,NULL,NULL,NULL,NULL,NULL,'Vedení karty 500 Kč ročně.','no comment',0.00,NULL),(210,111,2,'Debit Mastercard Gold','debet',2,250.00,5.00,NULL,30.00,0.00,0.00,NULL,NULL,NULL,NULL,NULL,NULL,'Vedení karty 3 000 Kč ročně.','no comment',0.00,NULL),(211,108,2,'Debit Mastercard Gold','debet',2,250.00,5.00,NULL,30.00,0.00,0.00,NULL,NULL,NULL,NULL,NULL,NULL,'Vedení karty 3 000 Kč ročně','no comment',0.00,NULL),(213,112,2,'Visa Electron / Maestro','debet',1,41.00,9.00,NULL,39.00,0.00,0.00,41.00,9.00,NULL,39.00,0.00,0.00,'Vedení karty ročně 490 Kč.','no comment',0.00,0.00),(219,113,1,'Prima karta (Maestro)','debet',1,0.00,0.00,NULL,39.00,0.00,0.00,NULL,NULL,NULL,NULL,NULL,NULL,'3. a další výběr z bankomatu KB 9 Kč.','no comment',0.00,NULL),(220,114,1,'Mastercard / Visa','debet',2,41.00,9.00,NULL,39.00,0.00,0.00,41.00,9.00,NULL,39.00,0.00,0.00,'Vedení karty ročně 490 Kč.','no comment',0.00,0.00),(221,114,2,'Visa Electron / Maestro','debet',1,41.00,9.00,NULL,39.00,0.00,0.00,41.00,9.00,NULL,39.00,0.00,0.00,'Vedení karty ročně 490 Kč.','no comment',0.00,0.00),(223,115,1,'Mastercard / Visa','debet',2,0.00,9.00,NULL,39.00,0.00,0.00,41.00,9.00,NULL,39.00,0.00,0.00,'no comment','Vedení karty ročně 490 Kč.',0.00,0.00),(224,115,2,'Visa Electron / Maestro','debet',1,41.00,9.00,NULL,39.00,0.00,0.00,41.00,9.00,NULL,39.00,0.00,0.00,'Vedení karty ročně 490 Kč.','no comment',0.00,0.00),(225,116,1,'Mastercard / Visa','debet',2,0.00,9.00,NULL,39.00,0.00,0.00,41.00,9.00,NULL,39.00,0.00,0.00,'no comment','Vedení karty ročně 490 Kč.',0.00,0.00),(226,116,2,'Visa Electron / Maestro','debet',1,41.00,9.00,NULL,39.00,0.00,0.00,41.00,9.00,NULL,39.00,0.00,0.00,'Vedení karty ročně 490 Kč.','no comment',0.00,0.00),(228,116,3,'Zlatá karta','debet',2,166.00,0.00,NULL,0.00,0.00,0.00,166.00,0.00,NULL,0.00,0.00,0.00,'Vedení karty 1990 Kč ročně.','no comment',0.00,0.00),(229,115,3,'Zlatá karta','debet',2,166.00,9.00,NULL,39.00,0.00,0.00,166.00,9.00,NULL,39.00,0.00,0.00,'Vedení karty ročně 1990 Kč.','no comment',0.00,0.00),(230,117,1,'Mastercard / Visa','debet',2,0.00,9.00,NULL,39.00,0.00,0.00,41.00,9.00,NULL,39.00,0.00,0.00,'no comment','Vedení karty ročně 490 Kč.',0.00,0.00),(231,117,2,'Visa Electron / Maestro','debet',1,41.00,9.00,NULL,39.00,0.00,0.00,41.00,9.00,NULL,39.00,0.00,0.00,'Vedení karty ročně 490 Kč.','no comment',0.00,0.00),(232,117,3,'Zlatá karta','debet',2,0.00,0.00,NULL,0.00,0.00,0.00,166.00,0.00,NULL,0.00,0.00,0.00,'no comment','Vedení 3. a další karty 1990 Kč ročně.',0.00,0.00),(233,117,4,'PLATINUM','debet',2,541.00,0.00,NULL,0.00,0.00,0.00,408.00,0.00,NULL,0.00,0.00,0.00,'Vedení karty 6 490 Kč ročně.','Vedení karty 4 900 Kč ročně.',0.00,0.00),(234,118,1,'Mastercard / Visa','debet',2,41.00,9.00,NULL,39.00,0.00,0.00,41.00,9.00,NULL,39.00,0.00,0.00,'Vedení karty ročně 490 Kč.','no comment',0.00,0.00),(235,118,2,'Visa Electron / Maestro','debet',1,41.00,9.00,NULL,39.00,0.00,0.00,41.00,9.00,NULL,39.00,0.00,0.00,'Vedení karty ročně 490 Kč.','no comment',0.00,0.00),(236,118,3,'Zlatá karta','debet',2,0.00,0.00,NULL,0.00,0.00,0.00,166.00,0.00,NULL,0.00,0.00,0.00,'no comment','Vedení karty 1990 Kč ročně.',0.00,0.00),(237,118,4,'PLATINUM','debet',2,541.00,0.00,NULL,0.00,0.00,0.00,408.00,0.00,NULL,0.00,0.00,0.00,'Vedení karty 6 490 Kč ročně.','Vedení karty 4 900 Kč ročně.',0.00,0.00),(238,119,1,'Maestro','debet',2,0.00,9.00,NULL,30.00,0.00,NULL,0.00,9.00,NULL,30.00,0.00,NULL,'no comment','no comment',99.00,99.00),(239,119,2,'Mastercard Debit','debet',2,0.00,9.00,NULL,30.00,0.00,NULL,0.00,9.00,NULL,30.00,0.00,NULL,'no comment','Vydání třetí a další karty za 99 Kč.',0.00,0.00),(242,119,3,'Mastercard / Visa Gold','debet',2,275.00,9.00,NULL,30.00,0.00,NULL,275.00,9.00,NULL,30.00,0.00,NULL,'no comment','no comment',0.00,0.00),(243,119,4,'Visa Classic','debet',2,0.00,9.00,NULL,30.00,0.00,NULL,0.00,9.00,NULL,30.00,0.00,NULL,'no comment','no comment',150.00,150.00),(244,120,1,'Mastercard Standard','debet',2,65.00,NULL,NULL,6.50,NULL,NULL,NULL,NULL,NULL,NULL,NULL,NULL,'no comment','no comment',0.00,NULL),(245,120,2,'Mastercard Gold','debet',2,350.00,NULL,NULL,6.50,NULL,NULL,NULL,NULL,NULL,NULL,NULL,NULL,'no comment','no comment',0.00,NULL),(247,121,1,'Mastercard Standard','debet',2,0.00,NULL,NULL,0.00,NULL,NULL,0.00,NULL,NULL,0.00,NULL,NULL,'no comment','no comment',0.00,0.00),(248,121,2,'Mastercard Gold','debet',2,350.00,NULL,NULL,0.00,NULL,NULL,NULL,NULL,NULL,NULL,NULL,NULL,'no comment','no comment',0.00,NULL),(250,122,1,'Mastercard Standard','debet',2,0.00,NULL,NULL,0.00,NULL,NULL,0.00,NULL,NULL,0.00,NULL,NULL,'no comment','no comment',0.00,0.00),(251,122,2,'Mastercard Gold','debet',2,0.00,NULL,NULL,0.00,NULL,NULL,NULL,NULL,NULL,NULL,NULL,NULL,'no comment','no comment',0.00,NULL),(252,123,1,'Mastercard / Visa','debet',2,41.00,0.00,NULL,39.00,0.00,0.00,41.00,0.00,NULL,39.00,0.00,0.00,'Vedení karty ročně 490 Kč.\r\nZměna PIN v bankomatu KB 19 Kč.','no comment',0.00,0.00),(254,123,2,'Zlatá karta','debet',2,166.00,0.00,NULL,0.00,0.00,0.00,166.00,0.00,NULL,0.00,0.00,0.00,'Vedení karty 1990 Kč ročně.','no comment',0.00,0.00),(259,124,1,'Mastercard / Visa','debet',2,41.00,0.00,NULL,39.00,0.00,0.00,41.00,0.00,NULL,39.00,0.00,0.00,'Vedení karty ročně 490 Kč.\r\nZměna PIN v bankomatu KB 19 Kč.','no comment',0.00,0.00),(260,124,2,'Zlatá karta','debet',2,166.00,0.00,NULL,0.00,0.00,0.00,166.00,0.00,NULL,0.00,0.00,0.00,'Vedení karty 1990 Kč ročně.','no comment',0.00,0.00),(262,125,1,'Visa Electron / Maestro','debet',1,0.00,0.00,NULL,39.00,0.00,0.00,41.00,0.00,NULL,39.00,0.00,0.00,'Změna PIN v bankomatu KB 19 Kč.','Vedení karty ročně 490 Kč.',0.00,0.00),(263,125,2,'Mastercard / Visa','debet',2,41.00,0.00,NULL,39.00,0.00,0.00,41.00,0.00,NULL,39.00,0.00,0.00,'Vedení karty ročně 490 Kč.\r\nZměna PIN v bankomatu KB 19 Kč.','no comment',0.00,0.00),(264,125,3,'Zlatá karta','debet',2,166.00,0.00,NULL,0.00,0.00,0.00,166.00,0.00,NULL,0.00,0.00,0.00,'Vedení karty ročně 1990 Kč.','no comment',0.00,0.00),(265,126,1,'Mastercard / Visa','debet',2,0.00,0.00,NULL,39.00,0.00,0.00,41.00,0.00,NULL,39.00,0.00,0.00,'Změna PIN v bankomatu KB 19 Kč.','Vedení karty ročně 490 Kč.',0.00,0.00),(266,126,2,'Visa Electron / Maestro','debet',1,41.00,0.00,NULL,39.00,0.00,0.00,41.00,0.00,NULL,39.00,0.00,0.00,'Vedení karty ročně 490 Kč.\r\nZměna PIN v bankomatu KB 19 Kč.','no comment',0.00,0.00),(267,126,3,'Zlatá karta','debet',2,166.00,0.00,NULL,0.00,0.00,0.00,166.00,0.00,NULL,0.00,0.00,0.00,'Vedení karty ročně 1990 Kč.','no comment',0.00,0.00),(268,127,1,'Mastercard / Visa','debet',2,41.00,9.00,NULL,39.00,0.00,0.00,41.00,9.00,NULL,39.00,0.00,0.00,'Vedení karty ročně 490 Kč.\r\nZměna PIN v bankomatu KB 19 Kč.','no comment',0.00,0.00),(269,127,2,'Visa Electron / Maestro','debet',1,41.00,9.00,NULL,39.00,0.00,0.00,41.00,9.00,NULL,39.00,0.00,0.00,'Vedení karty ročně 490 Kč.\r\nZměna PIN v bankomatu KB 19 Kč.','no comment',0.00,0.00),(270,127,3,'Zlatá karta','debet',2,0.00,0.00,NULL,0.00,0.00,0.00,166.00,0.00,NULL,0.00,0.00,0.00,'no comment','Vedení karty 1990 Kč ročně.',0.00,0.00),(271,127,4,'PLATINUM','debet',2,541.00,0.00,NULL,0.00,0.00,0.00,408.00,0.00,NULL,0.00,0.00,0.00,'Vedení karty 6 490 Kč ročně.','Vedení karty 4 900 Kč ročně.',0.00,0.00),(275,128,1,'Mastercard / Visa','debet',2,0.00,0.00,NULL,39.00,0.00,0.00,41.00,0.00,NULL,39.00,0.00,0.00,'Změna PIN v bankomatu KB 19 Kč.','Vedení karty ročně 490 Kč.',0.00,0.00),(276,128,2,'Visa Electron / Maestro','debet',1,41.00,0.00,NULL,39.00,0.00,0.00,41.00,0.00,NULL,39.00,0.00,0.00,'Vedení karty ročně 490 Kč.\r\nZměna PIN v bankomatu KB 19 Kč.','no comment',0.00,0.00),(277,128,3,'Zlatá karta','debet',2,0.00,0.00,NULL,0.00,0.00,0.00,0.00,0.00,NULL,0.00,0.00,0.00,'no comment','Vedení 3. a další karty 1990 Kč ročně.',0.00,0.00),(278,128,4,'PLATINUM','debet',2,0.00,0.00,NULL,0.00,0.00,0.00,408.00,0.00,NULL,0.00,0.00,0.00,'no comment','Vedení karty 4 900 Kč ročně.',0.00,0.00),(279,129,1,'Mastercard / Visa','debet',2,41.00,0.00,NULL,39.00,0.00,0.00,41.00,0.00,NULL,39.00,0.00,0.00,'Vedení karty ročně 490 Kč.\r\nZměna PIN v bankomatu KB 19 Kč.','no comment',0.00,0.00),(280,129,2,'Visa Electron / Maestro','debet',1,41.00,0.00,NULL,39.00,0.00,0.00,41.00,0.00,NULL,39.00,0.00,0.00,'Vedení karty ročně 490 Kč.\r\nZměna PIN v bankomatu KB 19 Kč.','no comment',0.00,0.00),(281,129,3,'Zlatá karta','debet',2,166.00,0.00,NULL,0.00,0.00,0.00,166.00,0.00,NULL,0.00,0.00,0.00,'Vedení karty ročně 1990 Kč.','no comment',0.00,0.00),(282,129,4,'Plus karta','debet',2,0.00,0.00,NULL,39.00,0.00,0.00,NULL,NULL,NULL,NULL,NULL,NULL,'První 2 výběry zdarma.\r\nDruhá a další změna PIN v bankomatu KB 19 Kč.','no comment',0.00,NULL),(283,130,1,'Junior karta','debet',1,0.00,0.00,NULL,39.00,0.00,0.00,NULL,NULL,NULL,NULL,NULL,NULL,'no comment','no comment',0.00,NULL),(284,131,1,'Debit Mastercard','debet',2,0.00,NULL,NULL,0.00,0.00,NULL,NULL,NULL,NULL,NULL,NULL,NULL,'no comment','no comment',0.00,NULL),(285,131,2,'Debit Mastercard Gold (Premium)','debet',2,89.00,NULL,NULL,0.00,0.00,NULL,NULL,NULL,NULL,NULL,NULL,NULL,'Více o výhodách karty Premium a Premium Plus na adrese https://www.equabank.cz/bezny-ucet/platebni-karty/.','no comment',0.00,NULL),(286,131,3,'Debit Mastercard Gold (Premium Plus)','debet',2,129.00,NULL,NULL,0.00,0.00,NULL,NULL,NULL,NULL,NULL,NULL,NULL,'Dotaz na zůstatek v bankomatu je zdarma.\r\nVíce o výhodách karty Premium a Premium Plus na adrese https://www.equabank.cz/bezny-ucet/platebni-karty/.','no comment',0.00,NULL),(287,132,1,'Debit Mastercard','debet',2,42.00,5.00,NULL,30.00,0.00,0.00,NULL,NULL,NULL,NULL,NULL,NULL,'Vedení karty 500 Kč ročně.','no comment',0.00,NULL),(288,132,2,'Debit Mastercard Gold','debet',2,250.00,5.00,NULL,30.00,0.00,0.00,NULL,NULL,NULL,NULL,NULL,NULL,'Vedení karty 3 000 Kč ročně.','no comment',0.00,NULL),(290,132,3,'Visa Platinum','debet',2,583.00,5.00,NULL,30.00,0.00,0.00,NULL,NULL,NULL,NULL,NULL,NULL,'Vedení karty 7 000 Kč ročně.','no comment',0.00,NULL),(291,133,1,'Debit Mastercard','debet',1,0.00,0.00,NULL,30.00,0.00,0.00,NULL,NULL,NULL,NULL,NULL,NULL,'Vydávána od 8 let věku klienta.','no comment',0.00,NULL),(292,134,1,'Debit Mastercard / Visa Basic','debet',1,0.00,5.00,NULL,30.00,0.00,0.00,NULL,NULL,NULL,NULL,NULL,NULL,'Při splnění podmínek pro vedení účtu zdarma jsou všechny výběry rovněž zdarma.','no comment',0.00,NULL),(293,134,2,'Debit Mastercard Gold','debet',2,250.00,5.00,NULL,30.00,0.00,0.00,NULL,NULL,NULL,NULL,NULL,NULL,'Vedení karty 3 000 Kč ročně.\r\nPři splnění podmínek pro vedení účtu zdarma jsou všechny výběry rovněž zdarma.','no comment',0.00,NULL),(294,135,1,'Mastercard Gold','debet',2,0.00,0.00,NULL,0.00,0.00,0.00,NULL,NULL,NULL,NULL,NULL,NULL,'no comment','no comment',0.00,NULL),(295,135,2,'Debit Mastercard','debet',2,0.00,0.00,NULL,0.00,0.00,0.00,NULL,NULL,NULL,NULL,NULL,NULL,'no comment','no comment',0.00,NULL),(297,135,3,'Visa Platinum','debet',2,583.00,0.00,NULL,0.00,0.00,0.00,NULL,NULL,NULL,NULL,NULL,NULL,'Vedení 7000 Kč ročně.','no comment',0.00,NULL),(298,134,3,'Visa Platinum','debet',2,583.00,5.00,NULL,30.00,0.00,0.00,NULL,NULL,NULL,NULL,NULL,NULL,'Vedení 7000 Kč ročně.\r\nPři splnění podmínek pro vedení účtu zdarma jsou všechny výběry rovněž zdarma.','no comment',0.00,NULL),(299,136,1,'Visa Classic','debet',2,0.00,5.00,NULL,40.00,0.00,0.00,25.00,5.00,NULL,40.00,0.00,0.00,'Dotaz na zůstatek prostřednictvím bankomatu cizí banky 20 Kč.\r\nVklad na cizí účet u ČS 5 Kč, vklad na účet mimo ČS min. 80 Kč.\r\nPlatba kartou za hazardní hry, sázení a loterie 20 Kč.','no comment',0.00,0.00),(300,137,1,'Visa Classic','debet',2,0.00,0.00,NULL,40.00,0.00,0.00,25.00,0.00,NULL,40.00,0.00,0.00,'Dotaz na zůstatek prostřednictvím bankomatu cizí banky 20 Kč.\r\nVklad na cizí účet u ČS 5 Kč, vklad na účet mimo ČS min. 80 Kč.\r\nPlatba kartou za hazardní hry, sázení a loterie 20 Kč.','no comment',0.00,0.00),(301,138,1,'Visa Classic','debet',2,0.00,0.00,NULL,40.00,0.00,0.00,25.00,0.00,NULL,40.00,0.00,0.00,'Dotaz na zůstatek prostřednictvím bankomatu cizí banky 20 Kč.\r\nVklad na cizí účet u ČS 5 Kč, vklad na účet mimo ČS min. 80 Kč.\r\nPlatba kartou za hazardní hry, sázení a loterie 20 Kč.','no comment',0.00,0.00),(302,139,1,'Visa Electron','debet',1,19.00,5.00,10.00,37.00,0.00,NULL,NULL,NULL,NULL,NULL,NULL,NULL,'no comment','no comment',0.00,NULL),(303,140,1,'Maestro/Visa Electron','debet',1,19.00,5.00,10.00,37.00,0.00,NULL,19.00,5.00,10.00,37.00,0.00,NULL,'no comment','no comment',0.00,0.00),(304,140,2,'Mastercard Standard/Visa Classic','debet',2,41.00,5.00,10.00,37.00,0.00,NULL,41.00,5.00,10.00,37.00,0.00,NULL,'no comment','no comment',0.00,0.00),(305,140,3,'Mastercard Gold/Visa Gold','debet',2,350.00,5.00,10.00,37.00,0.00,NULL,350.00,5.00,10.00,37.00,0.00,NULL,'no comment','no comment',0.00,0.00),(306,141,1,'Maestro/Visa Electron','debet',1,0.00,0.00,0.00,37.00,0.00,NULL,19.00,0.00,0.00,37.00,0.00,NULL,'no comment','no comment',0.00,0.00),(307,141,2,'Mastercard Standard/Visa Classic','debet',2,0.00,0.00,0.00,37.00,0.00,NULL,41.00,0.00,0.00,37.00,0.00,NULL,'no comment','no comment',0.00,0.00),(308,141,3,'Mastercard Gold/Visa Gold','debet',2,350.00,0.00,0.00,37.00,0.00,NULL,350.00,0.00,0.00,37.00,0.00,NULL,'no comment','no comment',0.00,0.00),(312,142,1,'Maestro/Visa Electron','debet',1,0.00,0.00,0.00,0.00,0.00,NULL,19.00,0.00,0.00,0.00,0.00,NULL,'no comment','no comment',0.00,0.00),(313,142,2,'Mastercard Standard/Visa Classic','debet',2,0.00,0.00,0.00,0.00,0.00,NULL,41.00,0.00,0.00,0.00,0.00,NULL,'no comment','no comment',0.00,0.00),(314,142,3,'Mastercard Gold/Visa Gold','debet',2,350.00,0.00,0.00,0.00,0.00,NULL,350.00,0.00,0.00,0.00,0.00,NULL,'no comment','no comment',0.00,0.00),(315,143,1,'Visa Electron / Maestro','debet',1,41.00,0.00,NULL,39.00,0.00,0.00,41.00,0.00,NULL,39.00,0.00,0.00,'Vedení karty ročně 490 Kč.','no comment',0.00,0.00),(316,144,1,'Visa Electron / Maestro','debet',1,41.00,0.00,NULL,39.00,0.00,0.00,41.00,0.00,NULL,39.00,0.00,0.00,'Vedení karty ročně 490 Kč.','no comment',0.00,0.00),(317,145,1,'Visa Electron / Maestro','debet',1,0.00,0.00,NULL,39.00,0.00,0.00,41.00,0.00,NULL,39.00,0.00,0.00,'Změna PIN v bankomatu KB 19 Kč.','Vedení karty ročně 490 Kč.',0.00,0.00),(318,145,2,'Mastercard / Visa','debet',2,41.00,0.00,NULL,39.00,0.00,0.00,41.00,0.00,NULL,39.00,0.00,0.00,'Vedení karty ročně 490 Kč.\r\nZměna PIN v bankomatu KB 19 Kč.','no comment',0.00,0.00),(319,145,3,'Zlatá karta','debet',2,166.00,0.00,NULL,0.00,0.00,0.00,166.00,0.00,NULL,0.00,0.00,0.00,'Vedení karty ročně 1990 Kč.','no comment',0.00,0.00),(321,146,2,'Mastercard / Visa','debet',2,0.00,0.00,NULL,39.00,0.00,0.00,41.00,0.00,NULL,39.00,0.00,0.00,'Změna PIN v bankomatu KB 19 Kč.','Vedení karty ročně 490 Kč.',0.00,0.00),(322,146,3,'Zlatá karta','debet',2,166.00,0.00,NULL,0.00,0.00,0.00,166.00,0.00,NULL,0.00,0.00,0.00,'Vedení karty ročně 1990 Kč.','no comment',0.00,0.00),(323,147,1,'Mastercard / Visa','debet',2,41.00,0.00,NULL,39.00,0.00,0.00,41.00,0.00,NULL,39.00,0.00,0.00,'Vedení karty ročně 490 Kč.\r\nZměna PIN v bankomatu KB 19 Kč.','no comment',0.00,0.00),(325,147,2,'Zlatá karta','debet',2,0.00,0.00,NULL,0.00,0.00,0.00,166.00,0.00,NULL,0.00,0.00,0.00,'no comment','Vedení karty 1990 Kč ročně.',0.00,0.00),(326,147,3,'PLATINUM','debet',2,541.00,0.00,NULL,0.00,0.00,0.00,408.00,0.00,NULL,0.00,0.00,0.00,'Vedení karty 6 490 Kč ročně.','Vedení karty 4 900 Kč ročně.',0.00,0.00),(330,148,1,'Junior karta','debet',2,0.00,0.00,NULL,39.00,0.00,0.00,NULL,NULL,NULL,NULL,NULL,NULL,'no comment','no comment',0.00,NULL),(331,149,1,'Mastercard / Visa','debet',2,41.00,0.00,NULL,39.00,0.00,0.00,41.00,0.00,NULL,39.00,0.00,0.00,'Vedení karty ročně 490 Kč.\r\nZměna PIN v bankomatu KB 19 Kč.','no comment',0.00,0.00),(333,149,3,'Zlatá karta','debet',2,166.00,0.00,NULL,0.00,0.00,0.00,166.00,0.00,NULL,0.00,0.00,0.00,'Vedení karty ročně 1990 Kč.','no comment',0.00,0.00),(334,149,4,'Plus karta','debet',2,0.00,0.00,NULL,39.00,0.00,0.00,NULL,NULL,NULL,NULL,NULL,NULL,'První 2 výběry zdarma.\r\nDruhá a další změna PIN v bankomatu KB 19 Kč.','no comment',0.00,NULL),(335,150,1,'Mastercard / Visa','debet',2,0.00,0.00,NULL,39.00,0.00,0.00,41.00,0.00,NULL,39.00,0.00,0.00,'Změna PIN v bankomatu KB 19 Kč.','Vedení karty ročně 490 Kč.',0.00,0.00),(337,150,3,'Zlatá karta','debet',2,0.00,0.00,NULL,0.00,0.00,0.00,0.00,0.00,NULL,0.00,0.00,0.00,'no comment','Vedení 3. a další karty 1990 Kč ročně.',0.00,0.00),(338,150,4,'PLATINUM','debet',2,0.00,0.00,NULL,0.00,0.00,0.00,408.00,0.00,NULL,0.00,0.00,0.00,'no comment','Vedení karty 4 900 Kč ročně.',0.00,0.00),(339,152,1,'Visa Electron','debet',1,19.00,5.00,10.00,37.00,0.00,NULL,NULL,NULL,NULL,NULL,NULL,NULL,'no comment','no comment',0.00,NULL);
/*!40000 ALTER TABLE `ceny_karty` ENABLE KEYS */;
UNLOCK TABLES;

--
-- Table structure for table `ucty`
--

DROP TABLE IF EXISTS `ucty`;
/*!40101 SET @saved_cs_client     = @@character_set_client */;
/*!40101 SET character_set_client = utf8 */;
CREATE TABLE `ucty` (
  `ucet_ID` int(3) NOT NULL AUTO_INCREMENT,
  `ucet_kod_banky` char(4) COLLATE utf8_czech_ci NOT NULL,
  `ucet_nazev` varchar(55) COLLATE utf8_czech_ci NOT NULL,
  `ucet_typ` varchar(45) COLLATE utf8_czech_ci NOT NULL,
  `ucet_mena` char(3) COLLATE utf8_czech_ci NOT NULL,
  `ucet_min_limit` decimal(10,2) unsigned DEFAULT NULL,
  `ucet_urok` decimal(3,2) unsigned DEFAULT NULL,
  `ucet_vek_od` int(3) unsigned DEFAULT NULL,
  `ucet_vek_do` int(3) unsigned DEFAULT NULL,
  `ucet_www` varchar(200) COLLATE utf8_czech_ci DEFAULT NULL,
  `ucet_koment` text COLLATE utf8_czech_ci,
  `ucet_active` tinyint(1) NOT NULL DEFAULT '1',
  PRIMARY KEY (`ucet_ID`),
  UNIQUE KEY `iducty_UNIQUE` (`ucet_ID`),
  UNIQUE KEY `ucet_nazev_UNIQUE` (`ucet_nazev`)
) ENGINE=InnoDB AUTO_INCREMENT=102 DEFAULT CHARSET=utf8 COLLATE=utf8_czech_ci;
/*!40101 SET character_set_client = @saved_cs_client */;

--
-- Dumping data for table `ucty`
--

LOCK TABLES `ucty` WRITE;
/*!40000 ALTER TABLE `ucty` DISABLE KEYS */;
INSERT INTO `ucty` VALUES (35,'0800','Osobní Účet ČS II','bezny','CZK',100.00,0.01,0,99,'http://www.csas.cz/banka/nav/osobni-finance/osobni-ucet-cs-ii/o-produktu-d00022392','Podmínky různé dle věkových kategorií.\r\nMin limit vložit do 14 dní od založení účtu. Neplatí v případě sjednaného kontokorentu. Nepovolený debet se úročí podle ceníku.\r\nDodatkové služby Peníze stranou, Rodina..',0),(36,'6210','mKonto','bezny','CZK',0.00,0.00,18,99,'https://www.mbank.cz/osobni/ucty/mkonto/','no comment',1),(37,'6100','Běžný účet Equa bank','bezny','CZK',0.00,0.01,18,99,'https://www.equabank.cz/bezny-ucet','no comment',1),(38,'3030','Air Bank Malý tarif','bezny','CZK',0.00,0.00,18,99,'https://www.airbank.cz/produkty/bezny-ucet','Úrok 1.00% při alespoň 5 platbách kartou a zůstatku do 100 000 Kč.\r\nPři neúměrném používání, tj. opakovaně více jak 15 výběrů z bankomatu cizí banky a u Sazky za měsíc, banka přepne z Velkého tarifu na Malý.\r\nNa osobu je možno otevřít až 10 běžných účtů.',1),(39,'3030','Air Bank Velký tarif','bezny','CZK',0.00,0.00,18,99,'https://www.airbank.cz/produkty/bezny-ucet','Úrok 1.00% při alespoň 5 platbách kartou a zůstatku do 100 000 Kč.\r\nPři neúměrném používání, tj. opakovaně více jak 15 výběrů z bankomatu cizí banky a u Sazky za měsíc, banka přepne z Velkého tarifu na Malý.\r\nNa osobu je možno otevřít až 10 běžných účtů.',1),(40,'2010','Fio osobní účet','bezny','CZK',100.00,0.00,0,99,'https://www.fio.cz/bankovni-sluzby/bankovni-ucty/osobni-ucet','no comment',1),(41,'2310','Zuno ÚČET','bezny','CZK',0.00,0.60,18,99,'http://www.zuno.cz/produkty/bankovni-ucet-zadarmo/','Disponent může být pouze majitel.',0),(42,'2310','Zuno ÚČET Plus','bezny','CZK',0.00,0.60,18,99,'http://www.zuno.cz/produkty/bankovni-ucet-zadarmo/','Disponent může být pouze majitel.',0),(43,'0600','Konto Dětský Genius','bezny-det','CZK',200.00,0.01,0,15,'https://www.moneta.cz/lide/ucty/detsky-genius','Při zůstatku do 29999 Kč úrok 1.50%.\r\nV den 15. narozenin věku dítěte se účet automaticky převede na výhodný účet Genius Student se zachováním čísla účtu.',1),(44,'0600','Konto Genius Student','bezny-stu','CZK',200.00,0.01,15,27,'https://www.moneta.cz/lide/ucty/genius-student','Pokud je klient starší 20 let, dokládá při založení účtu potvrzení o studiu, případně platnou studentskou kartu ISIC.\r\nÚčet Genius Student si můžete založit, jestliže jste fyzická osoba - nepodnikatel ve věku od 15 do 27 let a zároveň studujete řádným denním studiem na základní škole, odborném učilišti, střední škole, vyšší odborné škole, jazykové škole nebo vysoké škole.\r\nPři dosažení 27 let věku klienta je účet Genius Student automaticky převeden na výhodný účet Genius Free & Flexi se zachováním čísla účtu.',1),(45,'0600','Konto Genius Start','bezny','CZK',200.00,0.01,18,99,'https://www.gemoney.cz/lide/ucty/bezne-ucty-genius','no comment',0),(46,'0600','Konto Genius Active','bezny','CZK',200.00,0.01,15,99,'https://www.gemoney.cz/lide/ucty/bezne-ucty-genius','no comment',0),(47,'0600','Konto Genius Silver','bezny','CZK',200.00,0.01,15,99,'https://www.gemoney.cz/lide/ucty/bezne-ucty-genius','no comment',0),(48,'0600','Konto Genius Gold','bezny','CZK',200.00,0.01,15,99,'https://www.moneta.cz/lide/ucty/bezne-ucty-genius#gold','no comment',1),(49,'0600','Genius Free&Flexi','bezny','CZK',200.00,0.01,15,99,'https://www.moneta.cz/lide/ucty/bezne-ucty-genius','Speciální konto mimo standardní sazebník poplatků.',1),(50,'0600','Genius bene+','bezny','CZK',200.00,0.01,15,99,'https://www.moneta.cz/vyhledavani#t=all&q=bene+','Pouze pro nové klienty.',1),(51,'5500','eKonto SMART','bezny','CZK',0.00,0.00,12,99,'https://www.rb.cz/osobni/ucty-a-bankovnictvi/ekonto-smart','no comment',1),(52,'5500','eKonto KOMPLET','bezny','CZK',0.00,0.00,12,99,'https://www.rb.cz/osobni/ucty-a-bankovnictvi/ekonto-komplet','no comment',1),(53,'5500','eKonto STUDENT','bezny-stu','CZK',0.00,0.00,12,26,'https://www.rb.cz/osobni/ucty-a-bankovnictvi/ekonto-student','no comment',1),(54,'2700','Dětské konto','bezny-det','CZK',0.00,0.01,0,15,'https://www.unicreditbank.cz/web/obcane/ucty-a-konta/detske-konto','Při zůstatku do 30000 Kč úrok 0.25%.\r\nPo dosažení 15 let věku klienta je konto převedeno na \"U konto\".',1),(55,'2700','U konto pro mladé','bezny-stu','CZK',0.00,0.00,15,27,'https://www.unicreditbank.cz/web/obcane/ucty-a-konta/u-konto-pro-mlade','Garance podmínek na 10 let.',0),(56,'2700','U konto','bezny','CZK',0.00,0.01,15,99,'https://www.unicreditbank.cz/cs/obcane/ucty/u_konto.html','Garance podmínek na 10 let.',1),(57,'2700','U Konto PREMIUM','bezny','CZK',0.00,0.01,18,99,'https://www.unicreditbank.cz/cs/obcane/ucty/u_konto_premium.html','Garance podmínek na 10 let.',1),(58,'0300','ČSOB Konto','bezny','CZK',200.00,0.01,18,99,'http://www.csob.cz/cz/Lide/Ucty-a-platby/Stranky/CSOB-konto.aspx','no comment',0),(59,'0300','ČSOB Aktivní konto','bezny','CZK',200.00,0.01,18,99,'http://www.csob.cz/cz/Lide/Ucty-a-platby/Stranky/CSOB-Aktivni-konto.aspx','no comment',0),(60,'0300','ČSOB Exkluzivní konto','bezny','CZK',200.00,0.01,18,99,'http://www.csob.cz/cz/Lide/Ucty-a-platby/Stranky/CSOB-Exkluzivni-konto.aspx','no comment',0),(61,'0300','ČSOB Studentské konto','bezny-stu','CZK',200.00,0.01,15,30,'http://www.csob.cz/cz/Lide/Ucty-a-platby/Stranky/CSOB-Studentske-konto.aspx','I pro absolventy vysokých škol a vyšších odborných škol po předložení absolventského diplomu, který není starší než 12 měsíců.\r\nPo dostudování bude studentské konto automaticky převedeno na ČSOB Aktivní konto, jehož vedení bude na 1 rok zdarma.',0),(62,'0300','ČSOB Dětské konto Slůně','bezny-det','CZK',100.00,0.01,0,15,'https://www.csob.cz/portal/lide/produkty/ucty-a-platby/ucty/detske-konto-slune#vse-o-uctu','Při zůstatku do 50 000 Kč úrok 0.50%.',1),(63,'0300','Era osobní účet','bezny','CZK',200.00,0.01,10,99,'https://www.erasvet.cz/fyzicke-osoby/ucty/stranky/osobni-ucet/popis-produktu.aspx','no comment',0),(64,'0300','Era online účet','bezny','CZK',200.00,0.01,18,99,'https://www.erasvet.cz/fyzicke-osoby/ucty/stranky/online-ucet/popis.aspx','no comment',0),(65,'0300','Era první konto','bezny-det','CZK',200.00,0.01,0,18,'https://www.erasvet.cz/portal/fyzicke-osoby/sporeni-a-investice/prvni-konto/popis-produktu','První vklad je ve výši pouze 500 Kč. Při zůstatku do 50000 úrok 0.50%.\r\nK účtu se nenabízí platební karta.\r\nOd 10 let věku možnost převést na Poštovní účet, po dovršení 15 let je převod automaticky.',1),(66,'0300','ČSOB Základní Účet','bezny','CZK',0.00,0.00,18,99,'https://www.csob.cz/portal/lide/produkty/ucty-a-platby/ucty/zakladni-ucet#vse-o-uctu','no comment',1),(67,'0100','MůjÚčet','bezny','CZK',0.00,0.00,18,99,'https://www.kb.cz/cs/ucty-platby-a-karty/bezne-ucty/mujucet/','no comment',1),(68,'0100','Konto G2.2','bezny-stu','CZK',0.00,0.00,15,30,'https://www.kb.cz/cs/ucty-platby-a-karty/bezne-ucty/studentsky-ucet-g2/','no comment',1),(69,'0100','Běžný účet KB','bezny','CZK',0.00,0.00,18,99,'https://www.kb.cz/cs/ucty-platby-a-karty/bezne-ucty/','no comment',1),(70,'0100','Dětské konto Beruška','bezny-det','CZK',0.00,0.00,0,15,'https://www.kb.cz/cs/ucty-platby-a-karty/bezne-ucty/detske-konto-beruska/','Při zůstatku do 30 000 Kč úrok 0.50%.',0),(71,'0100','TOP nabídka','bezny','CZK',0.00,0.00,18,99,'https://www.kb.cz/cs/ucty-platby-a-karty/bezne-ucty/top-nabidka/','no comment',1),(72,'0100','KB Start konto','bezny','CZK',0.00,0.00,18,99,'https://www.kb.cz/cs/ucty-platby-a-karty/bezne-ucty/kb-start-konto/','Konto je určeno pouze klientům se smlouvou na určitou Bankovní službu.',1),(73,'6800','FÉR Konto START','bezny','CZK',0.00,0.01,0,99,'http://www.sberbankcz.cz/obcane/ucty/fer-konto','Při zůstatku nad 1 mil. Kč je úrok individuální.',0),(74,'6800','FÉR Konto PLUS','bezny','CZK',0.00,0.01,0,99,'http://www.sberbankcz.cz/obcane/ucty/fer-konto','Při zůstatku nad 1 mil. Kč je úrok individuální.',0),(75,'6800','FÉR Konto EXTRA','bezny','CZK',0.00,0.01,0,99,'http://www.sberbankcz.cz/obcane/ucty/fer-konto','Při zůstatku nad 1 mil. Kč je úrok individuální.',0),(76,'6800','Základní účet Sberbank','bezny','CZK',0.00,0.01,18,99,'https://www.sberbankcz.cz/obcane/ucty','no comment',1),(77,'4000','Konto 5 za 50','bezny','CZK',0.00,0.00,18,99,'http://www.expobank.cz/cs/nasi-klienti/osobni-bankovnictvi/konta-a-ucty/konto-5-za-50.shtml','K účtu je na výběr 5 výhod z cca 12. Jednou z nich je úročení 0.25%.\r\nVýhody: (1)Expo Direct zdarma v rámci balíčku, (2)1 debetní platební karta MasterCard Standard zdarma v rámci balíčku při dosažení minimálního měsíčního objemu bezhotovostních transakcí kartou ve výši 5000 Kč, (3)1 dodatková debetní platební karta dle volby klienta poloviční měsíční poplatek při dosažení minimálního měsíčního objemu bezhotovostních transakcí kartou ve výši 5000 Kč, (4)Zvýhodněné úročení zdarma v rámci balíčku, (5)Provedení prvních 5 odchozích tuzemských plateb v Kč zadaných elektronicky v měsíci (standardní jednorázové příkazy i platby na základě trvalých příkazů) zdarma v rámci balíčku, možno vybrat až 3 krát, (6)4 inkasa v Kč z účtu měsíčně zdarma v rámci balíčku, (7)Tuzemské příchozí platby v Kč zdarma v rámci balíčku, (8)Propojení se spořicím účtem založené na principu automatických převodů zdarma v rámci balíčku, (9)Automatické převody mezi Kontem 5 za 50 a spořicím účtem zdarma, (10)Změna limitu v případě propojení se spořicím účtem zdarma, (11)Poskytnutí telefonických informací o zůstatku na účtu zdarma (jinak 150 Kč?), (12)IQkredit – od 01.01.2015 se nenabízí, zdarma v rámci balíčku (účtován je pouze Poplatek za rezervaci zdrojů).',0),(78,'4000','Běžný účet Expobank','bezny','CZK',0.00,0.00,18,99,'https://www.expobank.cz/domu/osobni-bankovnictvi/bezny-ucet/','no comment',1),(79,'0600','Konto Genius Basic','bezny','CZK',200.00,0.01,15,99,'http://','Nemá WWW stránky.',1),(80,'0600','Tom účet','bezny','CZK',200.00,0.01,15,99,'https://www.moneta.cz/lide/ucty/tom-ucet','Účet se zakládá přes SMART banking.\r\nNeexistuje klasický sazebník, banka uvádí jen některé poplatky na webových stránkách. Ostatní poplatky jsou použity podle Konta Basic.',1),(81,'6210','mKonto pro děti','bezny-det','CZK',0.00,0.00,0,15,'https://www.mbank.cz/osobni/ucty/mkonto-pro-deti/','Účet je pod správou mKonta rodiče.',1),(82,'6210','mKonto navlastnitriko','bezny-stu','CZK',0.00,0.00,15,18,'https://www.mbank.cz/osobni/ucty/mkonto-navlastnitriko/','no comment',1),(83,'0300','ČSOB Plus Konto','bezny','CZK',0.00,0.00,0,99,'https://www.csob.cz/portal/lide/produkty/ucty-a-platby/ucty/plus-konto#vse-o-uctu','no comment',1),(84,'0300','ČSOB Premium Konto','bezny','CZK',0.00,0.00,18,99,'https://www.csob.cz/portal/lide/produkty/ucty-a-platby/ucty/premium-konto','no comment',1),(85,'0300','Poštovní účet','bezny','CZK',0.00,0.00,0,99,'https://www.erasvet.cz/portal/fyzicke-osoby/ucty/postovni-ucet/popis-produktu','no comment',1),(86,'0300','Základní účet PS','bezny','CZK',0.00,0.00,0,99,'https://www.erasvet.cz/portal/fyzicke-osoby/ucty/zakladni-ucet/popis-produktu','no comment',1),(87,'0800','Základní účet ČS','bezny','CZK',100.00,0.00,18,99,'http://www.csas.cz/static_internet/cs/html/ucet/index.html?from=csas_navigation','Minimální zůstatek neplatí při zřízení kontokorentu.',1),(88,'0800','Moje Zdravé Finance','bezny','CZK',100.00,0.00,18,99,'http://www.csas.cz/static_internet/cs/html/ucet/index.html?from=csas_navigation','Minimální zůstatek neplatí při zřízení kontokorentu.',1),(89,'0800','Studentský účet ČS','bezny-stu','CZK',100.00,0.00,0,26,'http://www.csas.cz/static_internet/cs/html/ucet/index.html?from=csas_navigation','Minimální zůstatek neplatí při zřízení kontokorentu.',1),(90,'6800','FÉR konto MINI','bezny','CZK',0.00,0.01,18,99,'https://www.sberbankcz.cz/obcane/ucty','no comment',1),(91,'6800','FÉR konto AKTIV','bezny','CZK',0.00,0.01,18,99,'https://www.sberbankcz.cz/obcane/ucty','no comment',1),(92,'6800','FÉR konto OPTIMAL','bezny','CZK',0.00,0.01,18,99,'https://www.sberbankcz.cz/obcane/ucty','no comment',1),(93,'4000','Expo Active','bezny','CZK',0.00,0.00,18,99,'https://www.expobank.cz/domu/osobni-bankovnictvi/bezny-ucet/','no comment',1),(94,'4000','Expo Global','bezny','CZK',0.00,0.00,18,99,'https://www.expobank.cz/domu/osobni-bankovnictvi/bezny-ucet/','no comment',1),(95,'2700','Běžný účet UniCredit','bezny','CZK',0.00,0.00,18,99,'https://www.unicreditbank.cz/cs/obcane.html#Ucty','no comment',1),(96,'0100','MůjÚčet Gold','bezny','CZK',0.00,0.00,18,99,'https://www.kb.cz/cs/ucty-platby-a-karty/bezne-ucty/mujucet-gold/','no comment',1),(97,'0100','MůjÚčet Junior','bezny-det','CZK',0.00,0.00,0,15,'https://www.kb.cz/cs/ucty-platby-a-karty/bezne-ucty/mujucet-junior/','no comment',1),(98,'0100','MůjÚčet Plus','bezny','CZK',0.00,0.00,18,99,'https://www.kb.cz/cs/ucty-platby-a-karty/bezne-ucty/mujucet-plus/','no comment',1),(99,'8040','Žirokonto','bezny','CZK',0.00,0.00,18,99,'http://','no comment',1),(100,'8040','Žirokonto Plus','bezny','CZK',0.00,0.00,18,99,'http://','no comment',1),(101,'7940','Osobní účet WSPK','bezny','CZK',0.00,0.01,18,99,'http://','no comment',1);
/*!40000 ALTER TABLE `ucty` ENABLE KEYS */;
UNLOCK TABLES;

--
-- Table structure for table `ucty_ceny`
--

DROP TABLE IF EXISTS `ucty_ceny`;
/*!40101 SET @saved_cs_client     = @@character_set_client */;
/*!40101 SET character_set_client = utf8 */;
CREATE TABLE `ucty_ceny` (
  `cena_id` int(4) NOT NULL AUTO_INCREMENT,
  `cena_ucet_id` int(3) NOT NULL,
  `cena_platnost_od` date NOT NULL,
  `cena_zrizeni` decimal(10,2) DEFAULT '0.00',
  `cena_zruseni` decimal(10,2) DEFAULT '0.00',
  `cena_vedeni` decimal(10,2) DEFAULT NULL,
  `cena_vedeni_podm` tinyint(4) DEFAULT '0',
  `cena_vypis_e` decimal(10,2) DEFAULT NULL,
  `cena_vypis_p` decimal(10,2) DEFAULT NULL,
  `cena_prichozi1` decimal(10,2) DEFAULT NULL,
  `cena_prichozi2` decimal(10,2) DEFAULT NULL,
  `cena_odchozi_tp1` decimal(10,2) DEFAULT NULL,
  `cena_odchozi_tp2` decimal(10,2) DEFAULT NULL,
  `cena_odchozi_online1` decimal(10,2) DEFAULT NULL,
  `cena_odchozi_online2` decimal(10,2) DEFAULT NULL,
  `cena_trans_bal` decimal(10,2) DEFAULT NULL,
  `cena_trans_bal_typ` tinyint(4) DEFAULT NULL,
  `cena_koment_JP` text COLLATE utf8_czech_ci,
  `cena_koment_PP` text COLLATE utf8_czech_ci,
  `cena_koment_trans` text COLLATE utf8_czech_ci,
  `cena_koment_karta` text COLLATE utf8_czech_ci,
  `cena_odchozi_priorita` decimal(10,2) DEFAULT NULL,
  `cena_inkaso_svoleni` decimal(10,2) DEFAULT NULL,
  `cena_inkaso_odchozi` decimal(10,2) DEFAULT NULL,
  `cena_koment_inkaso` text COLLATE utf8_czech_ci,
  `cena_kontokorent_zrizeni` decimal(10,2) DEFAULT NULL,
  `cena_kontokorent_vedeni` decimal(10,2) DEFAULT NULL,
  `cena_kontokorent_zruseni` decimal(10,2) DEFAULT NULL,
  `cena_koment_kontokorent` text COLLATE utf8_czech_ci,
  PRIMARY KEY (`cena_id`)
) ENGINE=InnoDB AUTO_INCREMENT=157 DEFAULT CHARSET=utf8 COLLATE=utf8_czech_ci;
/*!40101 SET character_set_client = @saved_cs_client */;

--
-- Dumping data for table `ucty_ceny`
--

LOCK TABLES `ucty_ceny` WRITE;
/*!40000 ALTER TABLE `ucty_ceny` DISABLE KEYS */;
INSERT INTO `ucty_ceny` VALUES (30,35,'2014-10-20',0.00,0.00,69.00,1,0.00,25.00,0.00,2.00,5.00,7.00,5.00,NULL,29.00,2,'Zřízení TP je zřejmě jednotné pro všechny typy bankingu','Vedení účtu je podmíněno věkem. \r\n- Senioři (po předložení příslušného dokladu o pobírání starobního nebo plně invalidního důchodu z důchodového pojištění.) 59 Kč\r\n- Fresh účet pro mladé zdarma (0-21 všichni, 21-30 pouze studenti denního studia na VŠ, VOŠ nebo jazykové škole, i zahraniční - od 26 let dokládat každý rok, nejdříve 3 měsíce před narozeninami)\r\n- při splnění věrnostních podmínek zdarma, tj.měsíční příjem >= 7000 Kc + jedna z těchto:\r\n – řádné splácení úvěru,\r\n – řádné splácení hypotéky,\r\n – používání kreditní karty,\r\n – pravidelné investování,\r\n – řádné hrazení životního pojištění FLEXI,\r\n – kapitálová hodnota životního pojištění FLEXI nebo hodnota zainvestovaných prostředků alespoň 100 000 Kč,\r\n – využívání Podnikatelského konta Maxi\r\n\r\nVedení bankingu - 25 Kč zahrnuje IB,MB i TB v jednom (tzv. Servis 24)','Balíček transakcí - Díky této službě budete mít zdarma všechny odchozí elektronické platby v Kč v rámci České republiky, včetně trvalých plateb, souhlasů\r\ns inkasem a SIPO. Elektronické platby jsou jednorázové platby, které si zadáte sami bez naší pomoci, tedy přes internetbanking, mobilní banku, GSM banking, automatickou hlasovou službu, bankomat a platbomat. Nebudete platit nic navíc ani za platbu v internetovém obchodě\r\nprostřednictvím naší služby Platba 24 ani za dobití mobilního telefonu přes internetbanking nebo bankomat.\r\n\r\nOdchozí přes TB platí při obsluze bankéřem, přes automat jen 5 (7) Kč','no comment',NULL,NULL,NULL,NULL,NULL,NULL,NULL,NULL),(31,36,'2014-05-06',0.00,0.00,0.00,0,0.00,30.00,0.00,0.00,0.00,0.00,0.00,NULL,NULL,0,'TB = mLinka','no comment','no comment','bez karty',NULL,NULL,NULL,NULL,NULL,NULL,NULL,NULL),(32,37,'2014-12-13',0.00,0.00,0.00,1,0.00,29.00,0.00,0.00,0.00,0.00,NULL,NULL,NULL,0,'no comment','Při neaktivitě Vedení účtu 99 Kč. Aktivitou se rozumí dodržení alespoň jedné z následujících podmínek:\r\n- v daném měsíci máte alespoň tři zaúčtované platby provedené bezkontaktní platební kartou Debit MasterCard vydanou Equa bank (za platbu\r\nkartou se nepovažuje výběr z bankomatu),\r\n- v daném měsíci dosahuje součet příchozích transakcí na Váš běžný účet v CZK alespoň 10 000 Kč (do součtu nezahrnujeme převody mezi Vašimi\r\núčty, převody z ukončených termínovaných vkladů a připsané úroky),\r\n- celkový zůstatek na Vašich účtech v Equa bank neklesne pod 100 000 Kč (je-li některý z běžných, spořicích, či termínovaných účtů veden v cizí\r\nměně, je zůstatek převeden do české koruny směnným kurzem deviza střed),\r\n- v Equa bank splácíte hypoteční nebo spotřebitelský úvěr.','no comment','bez karty',NULL,NULL,NULL,NULL,NULL,NULL,NULL,NULL),(33,38,'2014-07-08',0.00,0.00,0.00,1,0.00,25.00,0.00,0.00,0.00,0.00,NULL,NULL,NULL,0,'no comment','no comment','no comment','bez karty',NULL,NULL,NULL,NULL,NULL,NULL,NULL,NULL),(34,39,'2014-07-08',0.00,0.00,100.00,1,0.00,0.00,0.00,0.00,0.00,0.00,NULL,NULL,NULL,0,'no comment','no comment','no comment','bez karty',NULL,NULL,NULL,NULL,NULL,NULL,NULL,NULL),(35,40,'2014-10-01',0.00,0.00,0.00,0,0.00,25.00,0.00,5.00,0.00,0.00,0.00,NULL,NULL,0,'TB se nenabízí','Za papírový výpis navíc poštovné mezi 15.73 Kč až 71.39 Kč, dle ceníku České pošty za Obyčejný balík.','Příchozí2 = pro účet Fio u ČSOB','bez karty',NULL,NULL,NULL,NULL,NULL,NULL,NULL,NULL),(36,41,'2014-11-01',0.00,0.00,0.00,0,0.00,48.00,0.00,0.00,0.00,0.00,NULL,NULL,NULL,0,'TB = Kontaktní centrum\r\nAutopilot, automatické přesouvání prostředků ze spoření, 18 Kč/měs.','no comment','no comment','no comment',NULL,NULL,NULL,NULL,NULL,NULL,NULL,NULL),(37,42,'2014-11-01',0.00,0.00,0.00,0,0.00,48.00,0.00,0.00,0.00,0.00,NULL,NULL,NULL,0,'no comment','no comment','no comment','no comment',NULL,NULL,NULL,NULL,NULL,NULL,NULL,NULL),(38,43,'2014-10-01',0.00,0.00,0.00,0,0.00,25.00,0.00,0.00,NULL,NULL,NULL,NULL,NULL,0,'Odchozí platby přes IB nejsou možné.\r\nIB = Internet Banka Mini','no comment','Odchozí platby nejsou přes IB možné.','bez karty',NULL,NULL,NULL,'',NULL,NULL,NULL,''),(39,44,'2014-10-01',0.00,0.00,0.00,0,0.00,25.00,0.00,0.00,8.00,8.00,6.00,NULL,NULL,0,'no comment','no comment','no comment','bez karty',NULL,NULL,NULL,NULL,NULL,NULL,NULL,NULL),(40,45,'2014-10-01',0.00,0.00,59.00,0,0.00,25.00,6.00,6.00,8.00,8.00,6.00,NULL,NULL,0,'no comment','no comment','no comment','no comment',NULL,NULL,NULL,NULL,NULL,NULL,NULL,NULL),(41,46,'2014-10-01',0.00,0.00,139.00,1,0.00,25.00,0.00,0.00,0.00,0.00,0.00,NULL,NULL,0,'no comment','Vedení účtu zdarma při průměrném měsíčním zůstatku 250000 Kč a více.','no comment','no comment',NULL,NULL,NULL,NULL,NULL,NULL,NULL,NULL),(42,47,'2014-10-01',0.00,0.00,199.00,1,0.00,25.00,0.00,0.00,0.00,0.00,0.00,NULL,NULL,0,'no comment','Při měsíčním kreditním příjmu 25000 Kč na účtu vedení 149 Kč.','no comment','no comment',NULL,NULL,NULL,NULL,NULL,NULL,NULL,NULL),(43,48,'2014-10-01',0.00,0.00,469.00,1,0.00,25.00,0.00,0.00,0.00,0.00,0.00,NULL,NULL,0,'no comment','Při měsíčním kreditním příjmu na účet 40000 Kč a více vedení 169 Kč, při celkové hodnotě vkladu u GE 1000000 Kč a více ke 20. dni v měsíci vedení zdarma.','no comment','bez karty',NULL,NULL,NULL,NULL,NULL,NULL,NULL,NULL),(44,49,'2014-03-15',0.00,0.00,0.00,1,0.00,25.00,0.00,0.00,0.00,0.00,0.00,NULL,NULL,0,'no comment','Při měsíčním kreditním příjmu na účet do 7000 Kč vedení účtu 149 Kč.','no comment','bez karty',NULL,NULL,NULL,NULL,NULL,NULL,NULL,NULL),(45,50,'2014-12-12',0.00,0.00,149.00,1,0.00,25.00,0.00,0.00,0.00,0.00,0.00,NULL,NULL,0,'no comment','Při kreditním příjmu na účet nad 10000 Kč vedení účtu zdarma. Při splnění podmínky k vedení účtu zdarma a součtu měsíčních transakcí u obchodníků 5000 Kč a více (nepočítají se platby z bankomatů) je připsán bonus 50 Kč.','no comment','Dotaz na zůstatek prostřednictvím bankomatu ostatních bank 20 Kč. \nPřehled o použití karty prostřednictvím bankomatu MONETA Money Bank 10 Kč.',NULL,NULL,NULL,'',NULL,NULL,NULL,''),(46,51,'2014-12-01',0.00,0.00,0.00,1,0.00,30.00,0.00,0.00,0.00,0.00,0.00,NULL,NULL,0,'no comment','Vedení účtu zdarma při kreditním obratu na účtu nejméně 15000 Kč a zároveň alespoň tři odchozí platby z účtu měsíčně. Při nesplnění podmínek vedení účtu 99 Kč.','Pokud je první platba TP k jinému datu, než zbytek, pak je tato zpoplatněna 50 Kč.','bez karty',NULL,NULL,NULL,NULL,NULL,NULL,NULL,NULL),(47,52,'2014-12-01',0.00,0.00,129.00,1,0.00,30.00,0.00,0.00,0.00,0.00,0.00,NULL,NULL,0,'no comment','Vedení účtu platí při kreditním obratu na účtu nejméně 15000 Kč a zároveň alespoň tři odchozí platby z účtu měsíčně. Při nesplnění podmínek vedení účtu 250 Kč.','no comment','bez karty',NULL,NULL,NULL,NULL,NULL,NULL,NULL,NULL),(48,53,'2014-12-01',0.00,0.00,49.00,1,0.00,30.00,0.00,0.00,0.00,0.00,0.00,NULL,NULL,0,'no comment','Klienti mladší 18 let nejsou povinni k úhradě paušálního poplatku, pakliže v rámci tarifu eKonto STUDENT nesjednali vydání platební karty k Účtu. Platí pro Smlouvy sjednané od 20. 9. 2014.','no comment','bez karty',NULL,NULL,NULL,NULL,NULL,NULL,NULL,NULL),(49,54,'2015-01-01',0.00,0.00,0.00,0,0.00,20.00,0.00,0.00,NULL,NULL,NULL,NULL,NULL,0,'no comment','no comment','no comment','bez karty',NULL,NULL,NULL,NULL,NULL,NULL,NULL,NULL),(50,55,'2015-01-01',0.00,0.00,0.00,0,0.00,20.00,0.00,0.00,0.00,0.00,NULL,0.00,NULL,0,'no comment','no comment','Odchozi Online jen přes Mobito','no comment',NULL,NULL,NULL,NULL,NULL,NULL,NULL,NULL),(51,56,'2015-01-01',0.00,0.00,199.00,1,0.00,20.00,0.00,0.00,3.00,6.00,NULL,0.00,NULL,0,'no comment','První 2 měsíce a následně při bezhotovostním kreditním měsíčním obratu 12000 Kč a více vedení účtu zdarma.','Odchozi Online jen přes Mobito\r\nPři splnění podmínky pro vedení účtu zdarma jsou všechny odchozí transakce rovněž zdarma.','bez karty',NULL,NULL,NULL,NULL,NULL,NULL,NULL,NULL),(52,57,'2015-01-01',0.00,0.00,499.00,1,0.00,20.00,0.00,0.00,0.00,0.00,NULL,0.00,NULL,0,'no comment','Čtvrtletní papírový výpis zdarma.\r\nPrvní 2 měsíce a pak při bezhotovostním kreditním měsíčním obratu na hlavním účtu 50000 Kč a více nebo celkový objem vkladu u Unicredit Bank k 20. dni v měsíci 1000000 Kč a více je vedení účtu zdarma.','Odchozi Online jen přes Mobito','bez karty',NULL,NULL,NULL,NULL,NULL,NULL,NULL,NULL),(53,58,'2014-09-01',0.00,0.00,55.00,0,0.00,13.00,0.00,0.00,0.00,0.00,0.00,NULL,NULL,0,'no comment','no comment','Za každou 3. a další odchozí platbu (vč.TP a Online) zadanou přes IB nebo MB 3 Kč. Každý odchozí TP zadaný přes TB 6 Kč.','no comment',NULL,NULL,NULL,NULL,NULL,NULL,NULL,NULL),(54,59,'2014-09-01',0.00,0.00,95.00,1,0.00,13.00,0.00,0.00,0.00,0.00,0.00,NULL,NULL,0,'no comment','Vedení účtu je zdarma, pokud je klient i majitelem ČSOB Firemního konta nebo ČSOB Obchodního konta nebo pokud je majitelem ČSOB Podnikatelského konta, na kterém dosáhl průměrného měsíčního kreditního obratu vyššího než 100 000 Kč za poslední 3 měsíce – platí pro fyzické osoby podnikatele. Zároveň při automatickém převodu z ČSOB Studentského konta je ČSOB Aktivní konto vedeno 12 měsíců zdarma. ','Za každou 11. a další odchozí platbu (vč.TP a Online) zadanou přes IB nebo MB 3 Kč. Každý odchozí TP zadaný přes TB 6 Kč.','no comment',NULL,NULL,NULL,NULL,NULL,NULL,NULL,NULL),(55,60,'2014-09-01',0.00,0.00,400.00,1,0.00,0.00,0.00,0.00,0.00,0.00,0.00,NULL,NULL,0,'no comment','Vedení účtu zdarma v případě, že klient udržuje měsíční zůstatek alespoň 1 mil. Kč v součtu na všech běžných platebních, spořicích platebních, termínovaných neplatebních účtech a podílových fondech Skupiny ČSOB/KBC, které si zakoupil v pobočkách ČSOB v ČR.','Každý odchozí TP zadaný přes TB 6 Kč.','no comment',NULL,NULL,NULL,NULL,NULL,NULL,NULL,NULL),(56,61,'2014-09-01',0.00,0.00,0.00,0,0.00,13.00,0.00,0.00,0.00,0.00,0.00,NULL,NULL,0,'no comment','no comment','Každý odchozí TP zadaný přes TB 6 Kč.','no comment',NULL,NULL,NULL,NULL,NULL,NULL,NULL,NULL),(57,62,'2014-09-01',0.00,0.00,0.00,0,0.00,0.00,0.00,0.00,NULL,NULL,NULL,NULL,NULL,0,'Bankovnictví slouží pouze k náhledu na účet.','no comment','no comment','bez karty',NULL,NULL,NULL,NULL,NULL,NULL,NULL,NULL),(58,66,'2014-09-01',0.00,0.00,25.00,0,1.00,0.00,0.00,0.00,3.00,3.00,3.00,NULL,NULL,0,'no comment','Při zřízení samotného TB vedení TB 40 Kč.','no comment','bez karty',NULL,NULL,NULL,NULL,NULL,NULL,NULL,NULL),(59,63,'2014-04-01',0.00,0.00,34.00,1,0.00,13.00,0.00,0.00,2.00,2.00,2.00,NULL,NULL,2,'Při zrušení účtu do 12 měsíců od jeho založení 200 Kč.\r\nMB = SmartBanking','Při vedení účtu v balíčku &#039;Era spolu&#039; vedení účtu -8 Kč, při zadání odchozí platby elektronicky vedení účtu -8 Kč, vedení účtu pro osoby ve věku 58 a více při převodu starobního nebo invalidního důchodu na účet nebo osoby s průkazem TP/ZTP/ZTP-P vedení účtu 8 Kč (při vedení účtu v balíčku &#039;Era spolu&#039; vedení účtu zdarma), osoby ve věku do 26 let vedení účtu zdarma','Při vedení účtu v balíčku &#039;Era spolu&#039; všechny odchozí platby zadané elektronicky zdarma.\r\nŠestý a další dotaz na zůstatek přes TB 8 Kč.','no comment',NULL,NULL,NULL,NULL,NULL,NULL,NULL,NULL),(60,64,'2014-04-01',0.00,0.00,50.00,1,0.00,NULL,0.00,0.00,0.00,0.00,0.00,NULL,NULL,0,'Při zrušení účtu do 12 měsíců od jeho založení 200 Kč.\r\nMB = SmartBanking','Při průměrném měsíčním zůstatku 15000 Kč vedení účtu zdarma.\r\nPapírový výpis se nenabízí.','Odchozí TP zřízený přes TB 10 Kč.\r\nŠestý a další dotaz na zůstatek přes TB 8 Kč.','no comment',NULL,NULL,NULL,NULL,NULL,NULL,NULL,NULL),(61,65,'2014-04-01',0.00,0.00,0.00,0,0.00,13.00,0.00,0.00,NULL,NULL,NULL,NULL,NULL,0,'Při zrušení účtu do 12 měsíců od jeho založení 200 Kč.\r\nBankovnictví slouží jen k náhledu.','no comment','no comment','bez karty',NULL,NULL,NULL,NULL,NULL,NULL,NULL,NULL),(62,67,'2015-02-01',0.00,0.00,68.00,1,0.00,30.00,0.00,0.00,6.00,6.00,6.00,NULL,39.00,2,'První 3 měsíce od založení účtu je zřízení TP přes TB za 29 Kč.','Vedení účtu spadá do konceptu MojeOdměny.','Balíček nezahrnuje odchozí transakce zřízené přes TB.','bez karty',NULL,NULL,NULL,NULL,NULL,NULL,NULL,NULL),(63,68,'2015-02-01',0.00,0.00,0.00,1,0.00,30.00,0.00,0.00,6.00,6.00,6.00,NULL,39.00,2,'První 3 měsíce od založení účtu je zřízení TP přes TB za 29 Kč.','Pokud by klient starší jak 26 let nesplnil ani jednu podmínku konceptu MojeOdměny, pak Vedení účtu 68 Kč.','Balíček nezahrnuje odchozí transakce zřízené přes TB.\r\nKlientovi ve věku do 26 let banka vrátí v každém následujícím měsíci 20 Kč z poplatku za Balíček transakcí.','bez karty',NULL,NULL,NULL,NULL,NULL,NULL,NULL,NULL),(64,69,'2015-02-01',0.00,0.00,50.00,0,0.00,25.00,5.00,7.00,6.00,8.00,4.00,6.00,NULL,0,'no comment','no comment','no comment','bez karty',NULL,NULL,NULL,NULL,NULL,NULL,NULL,NULL),(65,70,'2015-02-01',0.00,0.00,0.00,0,0.00,0.00,0.00,0.00,NULL,NULL,NULL,NULL,NULL,0,'Bankovnictví pouze k náhledu.','Výpis je zaslán pouze v případě pohybu na účtu.','no comment','no comment',NULL,NULL,NULL,NULL,NULL,NULL,NULL,NULL),(66,72,'2015-02-01',0.00,0.00,0.00,0,0.00,25.00,0.00,0.00,6.00,6.00,0.00,0.00,NULL,0,'no comment','no comment','Příchozí pouze 1 zdarma, každá další Příchozí1 5 Kč.\r\nOdchozí pouze 1 zdarma, každá další Odchozí1 4 Kč, přes TB 19 Kč.\r\nPouze 1 mezibankovní platba zdarma, za každou další příplatek 2 Kč.','bez karty',NULL,NULL,NULL,NULL,NULL,NULL,NULL,NULL),(67,71,'2015-02-01',0.00,0.00,490.00,1,0.00,0.00,0.00,0.00,0.00,0.00,0.00,0.00,NULL,0,'no comment','Vedení účtu spadá do konceptu MojeOdměny.','no comment','bez karty',NULL,NULL,NULL,NULL,NULL,NULL,NULL,NULL),(68,73,'2015-02-05',0.00,0.00,0.00,0,0.00,40.00,0.00,0.00,0.00,5.00,5.00,NULL,NULL,0,'no comment','no comment','no comment','no comment',NULL,NULL,NULL,NULL,NULL,NULL,NULL,NULL),(69,74,'2015-02-05',0.00,0.00,53.00,0,0.00,40.00,0.00,0.00,0.00,0.00,5.00,NULL,NULL,0,'no comment','no comment','Čtvrtá a další odchozí2 5 Kč.\r\nDruhý a další odchozí TP2 5 Kč.','no comment',NULL,NULL,NULL,NULL,NULL,NULL,NULL,NULL),(70,75,'2015-02-05',0.00,0.00,133.00,0,0.00,40.00,0.00,0.00,0.00,0.00,5.00,NULL,NULL,0,'no comment','no comment','no comment','no comment',NULL,NULL,NULL,NULL,NULL,NULL,NULL,NULL),(71,76,'2015-02-05',0.00,0.00,47.00,0,0.00,40.00,0.00,0.00,0.00,5.00,5.00,NULL,NULL,0,'no comment','no comment','no comment','bez karty',NULL,NULL,NULL,NULL,NULL,NULL,NULL,NULL),(72,78,'2015-01-01',0.00,0.00,100.00,0,0.00,30.00,0.00,5.00,0.00,5.00,NULL,NULL,NULL,0,'','no comment','no comment','bez karty',NULL,NULL,NULL,NULL,NULL,NULL,NULL,NULL),(73,77,'2015-01-01',0.00,0.00,50.00,0,0.00,30.00,0.00,5.00,0.00,5.00,NULL,NULL,NULL,0,'no comment','no comment','Přichozí i odchozí transakce jsou součástí výhod k výběru, č. 5 a 7.','no comment',NULL,NULL,NULL,'',NULL,NULL,NULL,''),(74,64,'2016-09-01',0.00,0.00,69.00,1,0.00,30.00,0.00,0.00,0.00,0.00,0.00,NULL,NULL,0,'Za zrušení účtu do 12 měsíců od jeho založení je poplatek 200 Kč. To neplatí, dojde-li ke zrušení účtu v průběhu dědického řízení.','Vedení účtu zdarma v případě splnění obratové podmínky ve výši minimálně 15 000 Kč, jinak 69 Kč. Při automatickém převodu Osobního účtu do 26 let na Online účet se prvních 12 měsíců od provedení změny obratová podmínka nesleduje, vedení Online účtu je po tuto dobu zdarma.\r\nOdeslaná poštovní zásilka se navíc účtuje podle Ceníku poštovních služeb.','no comment','no comment',26.00,0.00,0.00,'no comment',0.00,0.00,0.00,'Obsahem tohoto poplatku jsou zejména činnosti umožňující čerpání peněžních prostředků z kontokorentu klientem, evidence všech zaúčtovaných transakcí, automatické splátky úvěru z běžného účtu klienta, rezervace finančních zdrojů, snížení či zvýšení úvěrového limitu kdykoliv po dobu smluvního vztahu, upozornění na blížící se lhůtu pro splacení vyčerpané částky, poradenské a administrativní služby Finančních center a poboček České pošty, s.p., konzultační služby telefonického/klientského centra 24 hodin denně.'),(75,43,'2016-10-01',0.00,0.00,0.00,0,0.00,30.00,0.00,0.00,NULL,NULL,NULL,NULL,NULL,0,'Odchozí platby přes IB nejsou možné. IB = Internet Banka Mini.','no comment','no comment','Dotaz na zůstatek prostřednictvím bankomatu ostatních bank 25 Kč. \nPřehled o použití karty prostřednictvím bankomatu MONETA Money Bank 10 Kč.',NULL,NULL,NULL,'no comment',NULL,NULL,NULL,'no comment'),(76,44,'2016-10-01',0.00,0.00,0.00,0,0.00,30.00,0.00,0.00,8.00,8.00,6.00,NULL,NULL,0,'no comment','no comment','no comment','Dotaz na zůstatek prostřednictvím bankomatu ostatních bank 25 Kč. \nPřehled o použití karty prostřednictvím bankomatu MONETA Money Bank 10 Kč.',160.00,49.00,8.00,'no comment',0.00,0.00,0.00,'Flexikredit ve výši 2 000 – 10 000 Kč. Namísto Potvrzení příjmu je potřeba předložit Potvrzení o studiu. Více na https://www.moneta.cz/lide/ucty/kontokorent-flexikredit '),(77,49,'2017-03-15',0.00,0.00,149.00,1,0.00,30.00,0.00,0.00,0.00,0.00,0.00,NULL,NULL,0,'no comment','Při měsíčním kreditním příjmu na účet nad 7000 Kč včetně je vedení účtu zdarma. První dva měsíce vedení účtu zdarma i bez splnění podmínky minimálního kreditního příjmu.','no comment','Dotaz na zůstatek prostřednictvím bankomatu ostatních bank 25 Kč. \nPřehled o použití karty prostřednictvím bankomatu MONETA Money Bank 10 Kč.',160.00,0.00,0.00,'no comment',29.00,0.00,0.00,'no comment'),(78,48,'2016-10-01',0.00,0.00,469.00,1,0.00,30.00,0.00,0.00,0.00,0.00,0.00,NULL,NULL,0,'no comment','Při měsíčním kreditním příjmu na účet 35000 Kč a více vedení 169 Kč, při celkové hodnotě vkladu u MMB 1000000 Kč a více ke 20. dni v měsíci vedení zdarma (platí pouze pro nejdříve založený účet jednoho klienta).','no comment','Dotaz na zůstatek prostřednictvím bankomatu ostatních bank 25 Kč. \nPřehled o použití karty prostřednictvím bankomatu MONETA Money Bank 10 Kč.',0.00,0.00,0.00,'no comment',0.00,0.00,0.00,'Flexikredit.'),(79,79,'2016-10-01',0.00,0.00,0.00,0,0.00,30.00,0.00,0.00,8.00,8.00,6.00,NULL,NULL,NULL,'no comment','no comment','no comment','Dotaz na zůstatek prostřednictvím bankomatu ostatních bank 25 Kč. \nPřehled o použití karty prostřednictvím bankomatu MONETA Money Bank 10 Kč.',160.00,0.00,8.00,'no comment',NULL,NULL,NULL,'no comment'),(80,80,'2017-04-24',0.00,0.00,99.00,0,0.00,30.00,0.00,0.00,8.00,8.00,0.00,NULL,NULL,NULL,'no comment','Vedení účtu prvních 6 měsíců zdarma.','no comment','Dotaz na zůstatek prostřednictvím bankomatu ostatních bank 25 Kč. \nPřehled o použití karty prostřednictvím bankomatu MONETA Money Bank 10 Kč.',NULL,0.00,8.00,'no comment',0.00,0.00,0.00,'no comment'),(81,36,'2017-05-02',0.00,0.00,0.00,0,0.00,50.00,0.00,0.00,0.00,0.00,0.00,NULL,NULL,NULL,'no comment','no comment','no comment','Dotaz na zůstatek prostřednictvím bankomatu 9 Kč',NULL,0.00,0.00,'no comment',0.00,0.00,0.00,'no comment'),(82,82,'2017-05-02',0.00,0.00,0.00,0,0.00,50.00,0.00,0.00,0.00,0.00,0.00,NULL,NULL,NULL,'no comment','no comment','no comment','Dotaz na zůstatek prostřednictvím bankomatu 9 Kč',NULL,0.00,0.00,'no comment',NULL,NULL,NULL,'no comment'),(83,81,'2017-05-02',0.00,0.00,0.00,0,0.00,50.00,0.00,0.00,0.00,0.00,NULL,NULL,NULL,NULL,'no comment','no comment','no comment','Dotaz na zůstatek prostřednictvím bankomatu 9 Kč',NULL,0.00,0.00,'no comment',NULL,NULL,NULL,'no comment'),(84,38,'2017-02-16',0.00,0.00,0.00,0,0.00,25.00,0.00,0.00,0.00,0.00,NULL,NULL,NULL,NULL,'no comment','no comment','no comment','`zpřátelená` banka je Sazka a.s.',NULL,0.00,0.00,'no comment',NULL,NULL,NULL,'no comment'),(85,39,'2017-02-16',0.00,0.00,100.00,0,0.00,0.00,0.00,0.00,0.00,0.00,NULL,NULL,NULL,NULL,'no comment','no comment','no comment','`zpřátelená` banka je Sazka a.s.',NULL,0.00,0.00,'no comment',NULL,NULL,NULL,'no comment'),(86,37,'2017-04-01',0.00,0.00,0.00,0,0.00,29.00,0.00,0.00,0.00,0.00,NULL,NULL,NULL,NULL,'no comment','no comment','no comment','bez karty',NULL,0.00,0.00,'no comment',0.00,0.00,0.00,'no comment'),(87,66,'2017-05-01',0.00,0.00,25.00,0,0.00,30.00,0.00,0.00,5.00,5.00,5.00,NULL,NULL,NULL,'no comment','no comment','no comment','Dotaz na zůstatek v ostatních bankomatech v ČR 20 Kč.',100.00,0.00,5.00,'no comment',0.00,0.00,0.00,'no comment'),(88,83,'2017-05-01',0.00,0.00,69.00,1,0.00,30.00,0.00,0.00,0.00,0.00,0.00,NULL,NULL,NULL,'no comment','Vedení účtu je zdarma pro klienty do 26 let a majitele účtu na mateřské/rodičovské dovolené. U klientů od 58 let a osob se zdravotním postižením je zdarma při splnění obratové podmínky ve výši 5 000 Kč. Pro ostatní klienty je zdarma při splnění obratové podmínky ve výši 10 000 Kč. Podrobnější informace jsou uvedeny v Obchodních podmínkách pro účty a platební styk.','no comment','Dotaz na zůstatek v ostatních bankomatech v ČR 20 Kč.',100.00,0.00,0.00,'no comment',0.00,0.00,0.00,'no comment'),(89,84,'2017-05-01',0.00,0.00,900.00,1,0.00,0.00,0.00,0.00,0.00,0.00,0.00,NULL,NULL,NULL,'no comment','Vedení účtu je zdarma, pokud je měsíční příjem 50 000 Kč na účet, nebo úspory vyšší než 1,5 mil. Kč nebo hypoteční úvěr nejméně 3 mil. Kč','no comment','Dotaz na zůstatek v ostatních bankomatech v ČR 20 Kč.',100.00,0.00,0.00,'no comment',0.00,0.00,0.00,'no comment'),(90,62,'2017-05-01',0.00,0.00,0.00,0,0.00,0.00,0.00,0.00,5.00,5.00,5.00,NULL,NULL,NULL,'no comment','no comment','no comment','Dotaz na zůstatek v ostatních bankomatech v ČR 20 Kč.',100.00,0.00,5.00,'no comment',0.00,0.00,0.00,'no comment'),(91,86,'2017-05-01',0.00,0.00,25.00,0,0.00,30.00,0.00,0.00,5.00,5.00,5.00,NULL,NULL,NULL,'no comment','no comment','Odchozí transakce zadaná přes TB není v sazebníku uvedena. Poplatek 30 Kč je převzatý ze sazebníku ČSOB.\r\nPřevody mezi vlastními účty jsou zdarma jen do počtu 1 000 měsíčně / každý další převod 5 Kč.','`zpřátelená` banka je ČSOB. \nDotaz na zůstatek v ostatních bankomatech v ČR 20 Kč.',NULL,0.00,5.00,'no comment',0.00,0.00,0.00,'no comment'),(92,85,'2017-05-01',0.00,0.00,69.00,1,0.00,30.00,0.00,0.00,0.00,0.00,0.00,NULL,NULL,NULL,'no comment','Poštovní účet je zdarma pro klienty do 26 let a majitele účtu na mateřské/rodičovské dovolené. U klientů od 58 let a osob se zdravotním postižením je zdarma při splnění obratové podmínky ve výši 5 000 Kč. Pro ostatní klienty je zdarma při splnění obratové podmínky ve výši 10 000 Kč. Podrobnější informace jsou uvedeny v Podmínkách pro běžné účty Poštovní spořitelny pro fyzické osoby – občany.','Odchozí transakce zadaná přes TB není v sazebníku uvedena. Poplatek 30 Kč je převzatý ze sazebníku ČSOB. Převody mezi vlastními účty jsou zdarma jen do počtu 1 000 měsíčně / každý další převod 5 Kč.','`zpřátelená` banka je ČSOB. \nDotaz na zůstatek v ostatních bankomatech v ČR 20 Kč.',NULL,0.00,0.00,'no comment',0.00,0.00,0.00,'no comment'),(93,65,'2017-05-01',0.00,0.00,0.00,0,0.00,30.00,0.00,0.00,NULL,NULL,NULL,NULL,NULL,NULL,'Za zrušení účtu do 12 měsíců od jeho založení je poplatek 200 Kč. To neplatí, dojde-li ke zrušení v průběhu dědického řízení.\r\nBankovnictví slouží jen k náhledu.','no comment','no comment','bez karty',NULL,NULL,NULL,'no comment',NULL,NULL,NULL,'no comment'),(94,87,'2017-01-01',0.00,0.00,0.00,0,0.00,30.00,0.00,2.00,5.00,7.00,5.00,NULL,NULL,NULL,'no comment','no comment','no comment','bez karty',125.00,0.00,5.00,'no comment',0.00,25.00,0.00,'no comment'),(95,88,'2017-01-01',0.00,0.00,100.00,1,0.00,30.00,0.00,2.00,0.00,2.00,0.00,NULL,NULL,NULL,'no comment','Vedení je zdarma pro absolventy po dobu 2 let od převodu Studentského účtu.\r\nPři splnění podmínek aktivního používání je účet zdarma pro všechny.','no comment','bez karty',125.00,0.00,0.00,'no comment',0.00,0.00,0.00,'no comment'),(96,89,'2017-01-01',0.00,0.00,0.00,0,0.00,30.00,0.00,2.00,0.00,2.00,0.00,NULL,NULL,NULL,'no comment','no comment','no comment','bez karty',125.00,0.00,0.00,'no comment',0.00,0.00,0.00,'no comment'),(97,51,'2017-04-01',0.00,0.00,99.00,1,0.00,30.00,0.00,0.00,0.00,0.00,0.00,NULL,NULL,NULL,'no comment','Vedení účtu je zdarma při kreditním obratu na účtu nejméně 15 000 Kč a zároveň alespoň tři odchozí platby z účtu měsíčně.','no comment','no comment',100.00,0.00,0.00,'no comment',200.00,90.00,0.00,'no comment'),(98,52,'2017-04-01',0.00,0.00,250.00,1,0.00,30.00,0.00,0.00,0.00,0.00,0.00,NULL,NULL,NULL,'no comment','Vedení účtu je za poplatek 129 Kč při kreditním obratu na účtu nejméně 15 000 Kč a zároveň alespoň tři odchozí platby z účtu měsíčně.','no comment','no comment',100.00,0.00,0.00,'no comment',0.00,0.00,0.00,'no comment'),(99,53,'2017-04-01',0.00,0.00,49.00,1,0.00,30.00,0.00,0.00,0.00,0.00,0.00,NULL,NULL,NULL,'no comment','Klienti mladší 18 let nejsou povinni k úhradě paušálního poplatku, pakliže v rámci tarifu eKonto STUDENT nesjednali vydání platební karty k Účtu. Platí pro Smlouvy sjednané od 20. 9. 2014.','no comment','no comment',100.00,0.00,0.00,'no comment',200.00,90.00,0.00,'no comment'),(100,40,'2017-04-03',0.00,0.00,0.00,0,0.00,25.00,0.00,0.00,0.00,0.00,0.00,NULL,NULL,NULL,'no comment','Za papírový výpis navíc poštovné dle ceníku České pošty za Obyčejné psaní/balík/zásilka.','Platba přijatá prostřednictvím účtu Fio banky, a.s. u ČSOB a.s. 5 Kč.\r\nPrioritní dopolední platba 50 Kč.','bez karty',100.00,0.00,0.00,'no comment',100.00,0.00,0.00,'Možnost volby ze 3 tarifů.'),(101,90,'2017-05-15',0.00,0.00,0.00,0,0.00,40.00,0.00,0.00,0.00,5.00,5.00,NULL,NULL,NULL,'no comment','no comment','Odchozí Online přes PayU.','bez karty',200.00,0.00,5.00,'Odchozí v rámci Sberbank zdarma.',0.00,0.00,0.00,'no comment'),(102,91,'2017-05-15',0.00,0.00,99.00,1,0.00,40.00,0.00,0.00,0.00,0.00,5.00,NULL,NULL,NULL,'no comment','Vedení účtu při kreditním obratu nad 15 000 Kč.','no comment','bez karty',200.00,0.00,0.00,'no comment',0.00,0.00,0.00,'no comment'),(103,92,'2017-05-15',0.00,0.00,199.00,1,0.00,40.00,0.00,0.00,0.00,0.00,5.00,NULL,NULL,NULL,'no comment','Vedení účtu zdarma při kreditním obratu na účtu minimálně 25 000 Kč nebo součet zůstatků depozitních produktů od 1 milionu Kč.','no comment','bez karty',200.00,0.00,0.00,'no comment',0.00,0.00,0.00,'no comment'),(104,76,'2017-05-15',0.00,0.00,0.00,0,0.00,40.00,0.00,0.00,0.00,5.00,5.00,NULL,NULL,NULL,'no comment','no comment','no comment','bez karty',200.00,0.00,5.00,'Odchozí v rámci Sberbank zdarma.',NULL,NULL,NULL,'no comment'),(105,78,'2017-04-18',0.00,0.00,100.00,0,0.00,30.00,0.00,5.00,0.00,5.00,NULL,NULL,NULL,NULL,'no comment','no comment','no comment','bez karty',300.00,7.00,5.00,'Odchozí v rámci Expobank zdarma.',0.00,500.00,0.00,'no comment'),(106,93,'2017-04-18',0.00,0.00,149.00,1,0.00,30.00,0.00,0.00,0.00,0.00,NULL,NULL,NULL,NULL,'no comment','Vedení účtu zdarma pokud jsou vklady v bance vyšší než 500 tis. Kč nebo vklady alespoň 250 tis. Kč a kreditní obrat na účtu 40 tis. Kč měsíčně','no comment','bez karty',300.00,7.00,0.00,'no comment',0.00,500.00,0.00,'no comment'),(107,94,'2017-04-18',0.00,0.00,299.00,1,0.00,30.00,0.00,0.00,0.00,0.00,NULL,NULL,NULL,NULL,'no comment','Vedení účtu zdarma při vkladu v bance vyšší než 750 tis. Kč','no comment','bez karty',300.00,7.00,0.00,'no comment',0.00,500.00,0.00,'no comment'),(108,56,'2017-07-01',0.00,0.00,199.00,1,0.00,50.00,0.00,0.00,6.00,6.00,6.00,NULL,NULL,NULL,'no comment','Vedení účtu zdarma ve věku klienta 15-26 let nebo při kreditním obratu alespoň 12 000 Kč.','Odchozi Online jen přes Mobito.\r\nPři splnění podmínky pro vedení účtu zdarma jsou všechny odchozí transakce rovněž zdarma.','bez karty',115.00,0.00,6.00,'no comment',0.00,0.00,0.00,'no comment'),(109,57,'2017-07-01',0.00,0.00,499.00,1,0.00,0.00,0.00,0.00,0.00,0.00,0.00,NULL,NULL,NULL,'no comment','Vedení účtu zdarma při bezhotovostním kreditním měsíčním obratu na hlavním účtu 50 000 Kč a více nebo celkový objem vkladu u Unicredit Bank k 20. dni v měsíci 1 000 000 Kč a více.','Odchozi Online jen přes Mobito','bez karty',115.00,0.00,0.00,'no comment',0.00,0.00,0.00,'no comment'),(110,54,'2017-07-01',0.00,0.00,0.00,0,0.00,50.00,0.00,0.00,NULL,NULL,NULL,NULL,NULL,NULL,'no comment','no comment','no comment','bez karty',NULL,NULL,NULL,'no comment',NULL,NULL,NULL,'no comment'),(111,95,'2017-07-01',0.00,0.00,50.00,0,0.00,50.00,0.00,6.00,3.00,6.00,6.00,NULL,NULL,NULL,'no comment','no comment','Odchozi Online jen přes Mobito.','bez karty',115.00,0.00,6.00,'no comment',200.00,20.00,0.00,'no comment'),(112,69,'2017-06-15',0.00,0.00,50.00,0,0.00,35.00,6.00,6.00,6.00,6.00,6.00,NULL,NULL,NULL,'no comment','no comment','no comment','bez karty',NULL,0.00,6.00,'no comment',0.00,0.00,0.00,'no comment'),(113,70,'2017-06-15',0.00,0.00,0.00,0,0.00,35.00,0.00,0.00,NULL,NULL,NULL,NULL,NULL,NULL,'Bankovnictví pouze k náhledu.','Výpis je zaslán pouze v případě pohybu na účtu.','no comment','no comment',NULL,NULL,NULL,'no comment',NULL,NULL,NULL,'no comment'),(114,72,'2017-06-15',0.00,0.00,0.00,0,0.00,35.00,0.00,0.00,6.00,6.00,6.00,NULL,NULL,NULL,'no comment','no comment','no comment','bez karty',NULL,0.00,6.00,'no comment',0.00,0.00,0.00,'no comment'),(115,68,'2017-06-15',0.00,0.00,68.00,1,0.00,35.00,0.00,0.00,0.00,0.00,6.00,NULL,NULL,NULL,'no comment','Vedení zdarma do 25 let věku klienta, pak při splnění podmínek konceptu MojeOdměny.','no comment','bez karty',NULL,0.00,0.00,'no comment',0.00,0.00,0.00,'Od 18 let věku klienta.'),(116,67,'2017-06-15',0.00,0.00,68.00,1,0.00,35.00,0.00,0.00,6.00,6.00,6.00,NULL,NULL,NULL,'no comment','no comment','Banka nabízí balíček odchozích transakcí za 39 Kč, nezahrnuje odchozí transakce zřízené přes TB.','bez karty',NULL,0.00,6.00,'no comment',0.00,0.00,0.00,'no comment'),(117,71,'2017-06-15',0.00,0.00,490.00,1,0.00,0.00,0.00,0.00,0.00,0.00,0.00,NULL,NULL,NULL,'no comment','Vedení účtu spadá do konceptu MojeOdměny.','no comment','bez karty',NULL,0.00,0.00,'no comment',0.00,0.00,0.00,'no comment'),(118,96,'2017-06-15',0.00,0.00,169.00,0,0.00,35.00,0.00,0.00,0.00,0.00,0.00,NULL,NULL,NULL,'no comment','no comment','no comment','bez karty',NULL,0.00,0.00,'no comment',0.00,0.00,0.00,'no comment'),(119,40,'2017-08-09',0.00,0.00,0.00,0,0.00,25.00,0.00,0.00,0.00,0.00,0.00,NULL,NULL,NULL,'no comment','Za papírový výpis navíc poštovné dle ceníku České pošty za Obyčejné psaní/balík/zásilka.','Platba přijatá prostřednictvím účtu Fio banky, a.s. u ČSOB a.s. 5 Kč. Prioritní dopolední platba 50 Kč.','Výběr zdarma získává majitel karty za každé celé 4.000 Kč součtu vyúčtovaných transakcí uskutečněných příslušnou platební kartou prostřednictvím platebních terminálů nebo internetových platebních bran za jeden uzavřený kalendářní měsíc. Počet výběrů zdarma je omezen na pět v jednom měsíci. Ke každé nově vydané kartě přiznává banka jednorázový bonus dvou výběrů zdarma.\r\nDotaz na zůstatek v cizím bankomatu 9 Kč.',100.00,0.00,0.00,'no comment',100.00,0.00,0.00,'Možnost volby ze 3 tarifů.'),(120,78,'2017-08-01',0.00,0.00,100.00,0,0.00,30.00,0.00,5.00,0.00,5.00,NULL,NULL,NULL,NULL,'no comment','no comment','no comment','no comment',99.00,7.00,5.00,'no comment',0.00,500.00,0.00,'no comment'),(121,93,'2017-08-01',0.00,0.00,149.00,1,0.00,30.00,0.00,0.00,0.00,0.00,NULL,NULL,NULL,NULL,'no comment','Vedení účtu zdarma pokud jsou vklady v bance vyšší než 500 tis. Kč nebo vklady alespoň 250 tis. Kč a kreditní obrat na účtu 40 tis. Kč měsíčně','no comment','no comment',99.00,7.00,0.00,'no comment',0.00,500.00,0.00,'no comment'),(122,94,'2017-08-01',0.00,0.00,299.00,1,0.00,30.00,0.00,0.00,0.00,0.00,NULL,NULL,NULL,NULL,'no comment','Vedení účtu zdarma při vkladu v bance vyšší než 750 tis. Kč','no comment','no comment',99.00,7.00,0.00,'no comment',0.00,500.00,0.00,'no comment'),(123,69,'2017-08-02',0.00,0.00,50.00,0,0.00,35.00,5.00,7.00,6.00,6.00,6.00,NULL,NULL,NULL,'no comment','no comment','no comment','bez karty',90.00,0.00,6.00,'no comment',0.00,0.00,0.00,'no comment'),(124,72,'2017-08-02',0.00,0.00,0.00,0,0.00,35.00,0.00,0.00,6.00,6.00,6.00,NULL,NULL,NULL,'no comment','no comment','První odchozí platba zdarma.','bez karty',90.00,0.00,6.00,'no comment',0.00,0.00,0.00,'no comment'),(125,68,'2017-08-02',0.00,0.00,0.00,0,0.00,35.00,0.00,0.00,0.00,0.00,0.00,NULL,NULL,NULL,'no comment','no comment','no comment','bez karty',90.00,0.00,0.00,'no comment',0.00,0.00,0.00,'no comment'),(126,67,'2017-08-02',0.00,0.00,0.00,0,0.00,35.00,0.00,0.00,6.00,6.00,6.00,NULL,NULL,NULL,'no comment','no comment','no comment','bez karty',90.00,0.00,6.00,'no comment',0.00,0.00,0.00,'no comment'),(127,96,'2017-08-02',0.00,0.00,169.00,0,0.00,35.00,0.00,0.00,0.00,0.00,0.00,NULL,NULL,NULL,'no comment','no comment','no comment','bez karty',90.00,0.00,0.00,'no comment',0.00,0.00,0.00,'no comment'),(128,71,'2017-08-02',0.00,0.00,490.00,1,0.00,0.00,0.00,0.00,0.00,0.00,0.00,NULL,NULL,NULL,'no comment','- vedení balíčku TOP nabídka budete mít v daném měsíci zdarma, pokud jste k poslednímu obchodnímu dni předchozího měsíce měl/a u KB a/nebo u společností MPSS a/nebo KP a/nebo KB PS a/nebo IKS KB uloženo celkem nejméně 5 000 000 Kč (nebo ekvivalent v cizí měně) a/nebo pokud váš očištěný kreditní obrat za předchozí měsíc dosáhl alespoň 150 000 Kč.\r\n- za vedení balíčku TOP nabídka vám bude v daném měsíci zaúčtováno pouze 245 Kč, pokud jste k poslednímu obchodnímu dni předchozího měsíce měl/a u KB a/nebo\r\nu společností MPSS a/nebo KP a/nebo KB PS a/nebo IKS KB uloženo celkem nejméně 2 500 000 Kč (nebo ekvivalent v cizí měně) a/nebo pokud váš očištěný kreditní obrat za\r\npředchozí měsíc dosáhl alespoň 80 000 Kč.','no comment','bez karty',90.00,0.00,0.00,'no comment',0.00,0.00,0.00,'no comment'),(129,98,'2017-08-02',0.00,0.00,39.00,0,0.00,35.00,0.00,0.00,0.00,0.00,0.00,NULL,NULL,NULL,'no comment','no comment','no comment','bez karty',90.00,0.00,0.00,'no comment',0.00,0.00,0.00,'no comment'),(130,97,'2017-08-02',0.00,0.00,0.00,0,0.00,35.00,0.00,0.00,NULL,NULL,6.00,NULL,NULL,NULL,'no comment','no comment','no comment','bez karty',90.00,NULL,NULL,'no comment',NULL,NULL,NULL,'no comment'),(131,37,'2017-06-24',0.00,0.00,0.00,0,0.00,29.00,0.00,0.00,0.00,0.00,NULL,NULL,NULL,NULL,'no comment','no comment','no comment','Dotaz na zůstatek prostřednictvím bankomatu 9 Kč',29.00,0.00,0.00,'no comment',0.00,0.00,0.00,'no comment'),(132,95,'2017-10-09',0.00,0.00,50.00,0,0.00,50.00,0.00,6.00,3.00,6.00,6.00,NULL,NULL,NULL,'no comment','no comment','no comment','no comment',115.00,0.00,6.00,'no comment',200.00,20.00,0.00,'no comment'),(133,54,'2017-10-09',0.00,0.00,0.00,0,0.00,50.00,0.00,0.00,NULL,NULL,NULL,NULL,NULL,NULL,'Banking pouze k náhledu.','no comment','no comment','no comment',NULL,NULL,NULL,'no comment',NULL,NULL,NULL,'no comment'),(134,56,'2017-10-09',0.00,0.00,199.00,1,0.00,50.00,0.00,0.00,3.00,6.00,6.00,NULL,NULL,NULL,'no comment','Vedení účtu zdarma ve věku klienta 15-26 let nebo při kreditním obratu alespoň 12 000 Kč.','Odchozi Online jen přes Mobito. Při splnění podmínky pro vedení účtu zdarma jsou všechny odchozí transakce rovněž zdarma.','no comment',115.00,0.00,6.00,'no comment',0.00,0.00,0.00,'no comment'),(135,57,'2017-10-09',0.00,0.00,499.00,1,0.00,0.00,0.00,0.00,0.00,0.00,0.00,NULL,NULL,NULL,'no comment','Vedení účtu zdarma při bezhotovostním kreditním měsíčním obratu na hlavním účtu 50 000 Kč a více nebo celkový objem vkladu u Unicredit Bank k 20. dni v měsíci 1 000 000 Kč a více.','no comment','no comment',115.00,0.00,0.00,'no comment',0.00,0.00,0.00,'no comment'),(136,87,'2017-07-17',0.00,0.00,0.00,0,0.00,30.00,0.00,2.00,5.00,7.00,7.00,NULL,NULL,NULL,'no comment','no comment','no comment','no comment',125.00,0.00,7.00,'no comment',0.00,25.00,0.00,'no comment'),(137,89,'2017-07-17',0.00,0.00,0.00,0,0.00,30.00,0.00,2.00,0.00,2.00,2.00,NULL,NULL,NULL,'no comment','no comment','no comment','no comment',125.00,0.00,2.00,'no comment',0.00,0.00,0.00,'no comment'),(138,88,'2017-07-17',0.00,0.00,100.00,1,0.00,30.00,0.00,2.00,0.00,2.00,2.00,NULL,NULL,NULL,'no comment','Vedení je zdarma pro absolventy po dobu 2 let od převodu Studentského účtu. Při splnění podmínek aktivního používání je účet zdarma pro všechny.','no comment','no comment',125.00,0.00,2.00,'no comment',0.00,0.00,0.00,'no comment'),(139,76,'2017-10-01',0.00,0.00,0.00,0,0.00,40.00,0.00,0.00,0.00,5.00,5.00,NULL,NULL,NULL,'no comment','no comment','no comment','&#039;zpřátelená&#039; banka je ČSOB/Era.\r\nDotaz na zůstatek v bankomatu cizí banky 9 Kč.\r\nZměna PIN v bankomatu 35 Kč.',200.00,0.00,5.00,'no comment',NULL,NULL,NULL,'no comment'),(140,90,'2017-10-01',0.00,0.00,0.00,0,0.00,40.00,0.00,0.00,0.00,5.00,5.00,NULL,NULL,NULL,'no comment','no comment','Odchozí Online přes PayU.','&#039;zpřátelená&#039; banka ČSOB/Era.\r\nDotaz na zůstatek v bankomatu cizí banky 9 Kč.\r\nZměna PIN v bankomatu 25 Kč.',200.00,0.00,5.00,'no comment',0.00,0.00,0.00,'no comment'),(141,91,'2017-10-01',0.00,0.00,99.00,1,0.00,40.00,0.00,0.00,0.00,0.00,5.00,NULL,NULL,NULL,'no comment','Vedení účtu zdarma při kreditní obratu na účtu v minimální výši 15 000 Kč.','Odchozi online přes PayU.','&#039;zpřátelená&#039; banka je ČSOB/Era.\r\nDotaz na zůstatek v bankomatu cizí banky 9 Kč.\r\nZměna PIN v bankomatu 25 Kč.',200.00,0.00,0.00,'no comment',0.00,0.00,0.00,'no comment'),(142,92,'2017-10-01',0.00,0.00,199.00,1,0.00,40.00,0.00,0.00,0.00,0.00,5.00,NULL,NULL,NULL,'no comment','Vedení účtu zdarma při kreditním obratu na účtu minimálně 25 000 Kč nebo součet zůstatků depozitních produktů od 1 milionu Kč.','Odchozí přes PayU.','&#039;zpřátelená&#039; banka je ČSOB/Era.\r\nDotaz na zůstatek v bankomatu cizí banky 9 Kč.\r\nZměna PIN v bankomatu 25 Kč.',200.00,0.00,0.00,'no comment',0.00,0.00,0.00,'no comment'),(143,69,'2017-09-13',0.00,0.00,50.00,0,0.00,35.00,5.00,7.00,6.00,6.00,6.00,NULL,NULL,NULL,'no comment','no comment','no comment','Dotaz na zůstatek v cizím bankomatu 25 Kč.',90.00,0.00,6.00,'no comment',0.00,0.00,0.00,'no comment'),(144,72,'2017-09-13',0.00,0.00,0.00,0,0.00,35.00,0.00,0.00,6.00,6.00,6.00,NULL,NULL,NULL,'no comment','no comment','První odchozí platba zdarma.','Dotaz na zůstatek v cizím bankomatu 25 Kč.',90.00,0.00,6.00,'no comment',0.00,0.00,0.00,'no comment'),(145,68,'2017-09-13',0.00,0.00,0.00,0,0.00,35.00,0.00,0.00,0.00,0.00,0.00,NULL,NULL,NULL,'no comment','no comment','no comment','Dotaz na zůstatek v cizím bankomatu 25 Kč.',90.00,0.00,0.00,'no comment',0.00,0.00,0.00,'no comment'),(146,67,'2017-09-13',0.00,0.00,0.00,0,0.00,35.00,0.00,0.00,6.00,6.00,6.00,NULL,NULL,NULL,'no comment','no comment','no comment','Dotaz na zůstatek v cizím bankomatu 25 Kč.',90.00,0.00,6.00,'no comment',0.00,0.00,0.00,'no comment'),(147,96,'2017-09-13',0.00,0.00,169.00,0,0.00,35.00,0.00,0.00,0.00,0.00,0.00,NULL,NULL,NULL,'no comment','no comment','no comment','Dotaz na zůstatek v cizím bankomatu 25 Kč.',90.00,0.00,0.00,'no comment',0.00,0.00,0.00,'no comment'),(148,97,'2017-09-13',0.00,0.00,0.00,0,0.00,35.00,0.00,0.00,NULL,NULL,6.00,NULL,NULL,NULL,'no comment','no comment','no comment','Dotaz na zůstatek v cizím bankomatu 25 Kč.',90.00,NULL,NULL,'no comment',NULL,NULL,NULL,'no comment'),(149,98,'2017-09-13',0.00,0.00,39.00,0,0.00,35.00,0.00,0.00,0.00,0.00,0.00,NULL,NULL,NULL,'no comment','no comment','no comment','Dotaz na zůstatek v cizím bankomatu 25 Kč.',90.00,0.00,0.00,'no comment',0.00,0.00,0.00,'no comment'),(150,71,'2017-09-13',0.00,0.00,490.00,1,0.00,0.00,0.00,0.00,0.00,0.00,0.00,NULL,NULL,NULL,'no comment','- vedení balíčku TOP nabídka zdarma, pokud je k poslednímu obchodnímu dni předchozího měsíce u KB a/nebo u společností MPSS a/nebo KP a/nebo KB PS a/nebo IKS KB uloženo celkem nejméně 5 000 000 Kč (nebo ekvivalent v cizí měně) a/nebo pokud očištěný kreditní obrat za předchozí měsíc dosáhl alespoň 150 000 Kč.\r\n- vedení balíčku TOP nabídka za 245 Kč, pokud je k poslednímu obchodnímu dni předchozího měsíce u KB a/nebo u společností MPSS a/nebo KP a/nebo KB PS a/nebo IKS KB uloženo celkem nejméně 2 500 000 Kč (nebo ekvivalent v cizí měně) a/nebo pokud očištěný kreditní obrat za předchozí měsíc dosáhl alespoň 80 000 Kč.','no comment','Dotaz na zůstatek v cizím bankomatu 25 Kč.',90.00,0.00,0.00,'no comment',0.00,0.00,0.00,'no comment'),(151,101,'2017-05-01',0.00,0.00,0.00,0,0.00,20.00,NULL,NULL,NULL,NULL,NULL,NULL,NULL,NULL,'fiction','no comment','no comment','bez karty',NULL,NULL,NULL,'no comment',NULL,NULL,NULL,'no comment'),(152,76,'2018-01-03',0.00,0.00,0.00,0,0.00,40.00,0.00,0.00,0.00,5.00,5.00,NULL,NULL,NULL,'no comment','no comment','no comment','&#039;zpřátelená&#039; banka je ČSOB/Era.\r\nDotaz na zůstatek v bankomatu cizí banky 9 Kč.\r\nZměna PIN v bankomatu 35 Kč.',200.00,0.00,5.00,'no comment',NULL,NULL,NULL,'no comment'),(153,91,'2018-01-03',0.00,0.00,99.00,1,0.00,40.00,0.00,0.00,0.00,0.00,5.00,NULL,NULL,NULL,'no comment','Vedení účtu zdarma při kreditní obratu na účtu v minimální výši 15 000 Kč.','Odchozi online přes PayU.','bez karty',200.00,0.00,0.00,'no comment',0.00,0.00,0.00,'no comment'),(156,92,'2018-01-03',0.00,0.00,199.00,1,0.00,40.00,0.00,0.00,0.00,0.00,5.00,NULL,NULL,NULL,'no comment','Vedení účtu zdarma při kreditním obratu na účtu minimálně 25 000 Kč nebo součet zůstatků depozitních produktů od 1 milionu Kč.','Odchozí přes PayU.','bez karty',200.00,0.00,0.00,'no comment',0.00,0.00,0.00,'no comment');
/*!40000 ALTER TABLE `ucty_ceny` ENABLE KEYS */;
UNLOCK TABLES;

--
-- Table structure for table `vyj_podminky`
--

DROP TABLE IF EXISTS `vyj_podminky`;
/*!40101 SET @saved_cs_client     = @@character_set_client */;
/*!40101 SET character_set_client = utf8 */;
CREATE TABLE `vyj_podminky` (
  `podm_id` varchar(30) CHARACTER SET utf8 NOT NULL,
  `podm_popis` varchar(55) CHARACTER SET utf8 NOT NULL,
  `podm_jedn` varchar(10) COLLATE utf8_czech_ci DEFAULT NULL,
  `podm_type` varchar(10) COLLATE utf8_czech_ci NOT NULL,
  `podm_parametr` tinyint(1) NOT NULL DEFAULT '1',
  PRIMARY KEY (`podm_id`)
) ENGINE=InnoDB DEFAULT CHARSET=utf8 COLLATE=utf8_czech_ci;
/*!40101 SET character_set_client = @saved_cs_client */;

--
-- Dumping data for table `vyj_podminky`
--

LOCK TABLES `vyj_podminky` WRITE;
/*!40000 ALTER TABLE `vyj_podminky` DISABLE KEYS */;
INSERT INTO `vyj_podminky` VALUES ('absolvent','Absolvent',NULL,'checkbox',1),('c_kartaH_vedeni','Vedení karty','CZK','number',0),('c_kartaH_vyber1','Výběr z bankomatu vlastní banky','CZK','number',0),('c_kartaH_vyber2','Výběr z bankomatu cizí banky','CZK','number',0),('c_kartaH_vybery','Celkem za výběry z bankomatu','CZK','number',0),('c_odch','Odchozí platby','CZK','number',0),('c_prich2','Příchozí platba z jiné banky','CZK','number',0),('c_trans','Balíček transakcí','CZK','number',0),('c_vedeni','Vedení účtu','CZK','number',0),('hypo','Hypotéka',NULL,'checkbox',1),('hyp_uver_min','Výše hypotečního úvěru','CZK','number',1),('ib_Odchozi2','Odchozí platba do jiné banky','CZK','number',0),('investice','Investování',NULL,'checkbox',1),('invest_castka','Pravidelné investování','CZK','number',1),('kapital','Hodnota investic',NULL,'number',1),('karta','Platební karta',NULL,'checkbox',1),('kreditka','Kreditní karta',NULL,'checkbox',1),('materska','Rodičovská/mateřská dovolená',NULL,'checkbox',1),('obrat','Objem bezhotovostních transakcí','CZK','number',1),('obrat_karta','Objem transakcí kartou (bez výběrů)','CZK','number',1),('obrat_karta_vse','Objem transakcí kartou','CZK','number',1),('odch','Počet odchozích plateb',NULL,'number',1),('odchozi_tp1','Odchozí trvalý příkaz v rámci banky','CZK','number',0),('odchozi_tp2','Odchozí trvalý příkaz do jiné banky','CZK','number',0),('odch_ib','Počet odchozích plateb přes IB',NULL,'number',1),('odch_std','Počet jednorázových odchozích plateb',NULL,'number',1),('pen_poj','Penzijní pojištění',NULL,'checkbox',1),('pen_poj_hodnota','Hodnota úspor na penzijní pojištění','CZK','number',1),('pen_poj_prispevek','Příspěvek na penzijní pojištění','CZK','number',1),('podnikatel','Podnikatelské konto',NULL,'checkbox',1),('poj_hodnota','Hodnota úspor na pojištění',NULL,'number',1),('poj_prispevek','Příspěvek na pojištění','CZK','number',1),('prich','Počet příchozích transakcí',NULL,'number',1),('prijem','Objem příchozích plateb',NULL,'number',1),('p_kartaH_vyber1_vyj','Počet výběrů z vlastního bankomatu zdarma',NULL,'number',0),('p_kartaH_vyber2_vyj','Počet výběrů z cizího bankomatu zdarma',NULL,'number',0),('p_odch_std_vyj','Počet odchozích plateb zdarma',NULL,'number',0),('senior','Senior (v důchodu)',NULL,'checkbox',1),('student','Student',NULL,'checkbox',1),('trans_karta','Počet plateb kartou',NULL,'number',1),('trans_karta_vse','Počet transakcí kartou',NULL,'number',1),('urok','Úrok','&#37;','number',0),('uver','Spotřebitelský úvěr',NULL,'checkbox',1),('uver_any','Úvěrový produkt (půjčka, hypotéka, kreditka,..)',NULL,'checkbox',1),('uver_stav','Úvěr ze stavebního spoření',NULL,'checkbox',1),('vek','Věk klienta','roků','number',1),('vklad','Objem uložených prostředků','CZK','number',1),('ziv_poj','Životní pojištění',NULL,'checkbox',1),('ziv_poj_hodnota','Hodnota úspor na životní pojištění','CZK','number',1),('ziv_poj_prispevek','Příspěvek na životní pojištění','CZK','number',1),('ztp','Zdravotně postižený',NULL,'checkbox',1),('zustatek','Zůstatek na účtu','CZK','number',1);
/*!40000 ALTER TABLE `vyj_podminky` ENABLE KEYS */;
UNLOCK TABLES;

--
-- Table structure for table `vyjimky`
--

DROP TABLE IF EXISTS `vyjimky`;
/*!40101 SET @saved_cs_client     = @@character_set_client */;
/*!40101 SET character_set_client = utf8 */;
CREATE TABLE `vyjimky` (
  `vyj_id` int(11) NOT NULL AUTO_INCREMENT,
  `ucet_id` int(3) DEFAULT NULL,
  `cena_id` int(4) DEFAULT NULL,
  `karta_id` int(11) DEFAULT NULL,
  `pole` varchar(45) CHARACTER SET utf8 NOT NULL,
  `podminka` varchar(255) CHARACTER SET utf8 NOT NULL,
  `vysledek` decimal(10,2) NOT NULL,
  `koment` text COLLATE utf8_czech_ci,
  PRIMARY KEY (`vyj_id`)
) ENGINE=InnoDB AUTO_INCREMENT=166 DEFAULT CHARSET=utf8 COLLATE=utf8_czech_ci;
/*!40101 SET character_set_client = @saved_cs_client */;

--
-- Dumping data for table `vyjimky`
--

LOCK TABLES `vyjimky` WRITE;
/*!40000 ALTER TABLE `vyjimky` DISABLE KEYS */;
INSERT INTO `vyjimky` VALUES (4,38,NULL,NULL,'urok','trans_karta >= 5 AND zustatek < 100000',1.00,'Úrok 1.00% při alespoň 5 platbách kartou a zůstatku do 100000 Kč.'),(6,77,NULL,NULL,'urok','karta == 1',0.25,'jedna z volitelných výhod v rámci vedení účtu, max 5'),(10,77,73,NULL,'c_prich2','karta == 1',3.00,'volitelná výhoda v rámci vedení účtu, max 5'),(13,77,73,NULL,'c_prich2','hypo == 1',0.00,''),(14,77,73,NULL,'c_trans','odch <= 5',2.00,'5 odchozích plateb zdarma, volitelná výhoda v rámci vedení účtu, možno vybrat až 3 krát, max 5 výhod.'),(17,64,74,NULL,'c_vedeni','prijem >= 15000',0.00,'Vedení zdarma v případě splnění obratové podmínky ve výši minimálně 15 000 Kč, jinak 69 Kč. Při automatickém převodu Osobního účtu do 26 let na Online účet se prvních 12 měsíců od provedení změny obratová podmínka nesleduje, vedení Online účtu je po tuto dobu zdarma.'),(18,39,NULL,NULL,'urok','trans_karta >= 5 AND zustatek < 100000',1.00,'Úrok 1.00% při alespoň 5 platbách kartou a zůstatku do 100000 Kč.'),(19,35,30,NULL,'c_vedeni','senior == 1',59.00,'Senioři (po předložení příslušného dokladu o pobírání starobního nebo plně invalidního důchodu z důchodového pojištění.)'),(20,35,30,NULL,'c_vedeni','vek >= 21 AND vek < 30 AND student == 1',0.00,'Fresh účet pro mladé zdarma (21-30 pouze studenti denního studia na VŠ, VOŠ nebo jazykové škole, i zahraniční - od 26 let dokládat každý rok, nejdříve 3 měsíce před narozeninami).'),(21,35,30,NULL,'c_vedeni','vek < 21',0.00,'Vedení účtu je podmíněno věkem.\r\nFresh účet pro mladé zdarma (0-21).\r\n'),(22,35,30,NULL,'c_vedeni','prijem >= 7000 AND uver == 1',0.00,'Vedení zdarma při měsíčním příjmu &gt;= 7000 Kc + řádné splácení úvěru'),(23,35,30,NULL,'c_vedeni','prijem >= 7000 AND hypo == 1',0.00,'Vedení zdarma při měsíčním příjmu &gt;= 7000 Kc + řádné splácení hypotéky'),(24,35,30,NULL,'c_vedeni','prijem >= 7000 AND kreditka == 1',0.00,'Vedení zdarma při měsíčním příjmu &gt;= 7000 Kc + používání kreditní karty'),(25,35,30,NULL,'c_vedeni','prijem >= 7000 AND investice == 1',0.00,'Vedení zdarma při měsíčním příjmu &gt;= 7000 Kc + pravidelné investování'),(26,35,30,NULL,'c_vedeni','prijem >= 7000 AND ziv_poj == 1',0.00,'Vedení zdarma při měsíčním příjmu &gt;= 7000 Kc + řádné hrazení životního pojištění FLEXI'),(27,35,30,NULL,'c_vedeni','prijem >= 7000 AND kapital >= 100000',0.00,'Vedení zdarma při měsíčním příjmu &gt;= 7000 Kc + kapitálová hodnota životního pojištění FLEXI nebo hodnota zainvestovaných prostředků alespoň 100 000 Kč'),(28,35,30,NULL,'c_vedeni','prijem >= 7000 AND podnikatel == 1',0.00,'Vedení zdarma při měsíčním příjmu &gt;= 7000 Kc + využívání podnikatelského konta Maxi'),(29,43,NULL,NULL,'urok','zustatek <= 29999',1.50,'Kreditní zůstatky do 29999 Kč jsou úročeny 1.5%'),(30,50,45,NULL,'c_vedeni','prijem >= 10000',0.00,'Při kreditním příjmu na účet nad 10000 Kč vedení účtu zdarma.'),(31,50,45,NULL,'c_vedeni','prijem >= 10000 AND obrat >= 5000',-50.00,'Při splnění podmínky k vedení účtu zdarma a součtu měsíčních transakcí u obchodníků 5000 Kč a více (nepočítají se platby z bankomatů) je připsán bonus 50 Kč.'),(32,49,77,NULL,'c_vedeni','prijem >= 7000',0.00,'Při měsíčním kreditním příjmu na účet nad 7000 Kč včetně je vedení účtu zdarma. První dva měsíce vedení účtu zdarma i bez splnění podmínky minimálního kreditního příjmu.'),(33,48,78,NULL,'c_vedeni','prijem >= 35000',169.00,'Při měsíčním kreditním příjmu na účet 35000 Kč a více vedení 169 Kč.'),(34,48,78,NULL,'c_vedeni','vklad >= 1000000',0.00,'Při celkové hodnotě vkladu u MMB 1000000 Kč a více ke 20. dni v měsíci vedení zdarma (platí pouze pro nejdříve založený účet jednoho klienta).'),(35,80,NULL,NULL,'urok','zustatek < 100000 AND prijem >= 15000 AND trans_karta >= 10',3.00,'Zůstatek 0-100 000 Kč je úročen sazbou 3%, pokud je v součtu příjem alespoň 15 000 Kč a alespoň 10 plateb kartou (nezapočítávají se transakce na jakýkoli účet u MMB, výběr z bankomatu atd.)'),(36,83,88,NULL,'c_vedeni','vek <= 26',0.00,'Vedení účtu je zdarma pro klienty do 26 let.'),(37,83,88,NULL,'c_vedeni','vek >= 58 AND obrat >= 5000',0.00,'Vedení účtu je zdarma pro klienty od 58 let a osob se zdravotním postižením při splnění obratové podmínky ve výši 5 000 Kč.'),(38,83,88,NULL,'c_vedeni','obrat >= 10000',0.00,'Vedení účtu je zdarma při splnění obratové podmínky ve výši 10 000 Kč.'),(39,83,88,NULL,'c_vedeni','materska == 1',0.00,'Vedení účtu je zdarma pro klienty na mateřské/rodičovské dovolené.'),(40,83,88,NULL,'c_vedeni','ztp == 1 AND obrat >= 5000',0.00,'Vedení účtu je zdarma pro klienty se zdravotním postižením při splnění obratové podmínky ve výši 5 000 Kč.'),(41,84,89,NULL,'c_vedeni','prijem >= 50000',0.00,'Vedení účtu je zdarma, pokud je měsíční příjem 50 000 Kč na účet'),(42,84,89,NULL,'c_vedeni','vklad >= 1500000',0.00,'Vedení účtu je zdarma, pokud jsou úspory vyšší než 1,5 mil. Kč'),(43,84,89,NULL,'c_vedeni','hypo == 1 AND hyp_uver_min >= 3000000',0.00,'Vedení účtu je zdarma, pokud je hypoteční úvěr nejméně 3 mil. Kč'),(44,62,NULL,NULL,'urok','zustatek < 50000',0.50,'Při zůstatku do 50 000 Kč úrok 0.50%.'),(45,65,NULL,NULL,'urok','zustatek < 50000',0.50,'Při zůstatku do 50000 úrok 0.50%.'),(46,85,92,NULL,'c_vedeni','vek < 26',0.00,'Poštovní účet je zdarma pro klienty do 26 let.'),(47,85,92,NULL,'c_vedeni','materska == 1',0.00,'Poštovní účet je zdarma pro klienty na mateřské/rodičovské dovolené.'),(48,85,92,NULL,'c_vedeni','vek >= 58 AND obrat >= 5000',0.00,'Poštovní účet je zdarma pro klienty od 58 let při splnění obratové podmínky ve výši 5 000 Kč.'),(49,85,92,NULL,'c_vedeni','ztp == 1 AND obrat >= 5000',0.00,'Poštovní účet je zdarma pro klienty se zdravotním postižením při splnění obratové podmínky ve výši 5 000 Kč.'),(50,85,92,NULL,'c_vedeni','obrat >= 10000',0.00,'Poštovní účet je zdarma pro klienty při splnění obratové podmínky ve výši 10 000 Kč.'),(51,88,138,NULL,'c_vedeni','prijem >= 7000 AND trans_karta >= 1',50.00,'Pokud je příjem na účet alespoň 7000 Kč a alespoň jednou proběhne platba kartou u obchodníka, vedení je za poplatek 50 Kč.'),(52,88,138,NULL,'c_vedeni','hypo == 1',50.00,''),(53,88,138,NULL,'c_vedeni','uver_stav == 1',50.00,''),(54,88,138,NULL,'c_vedeni','uver == 1',50.00,''),(55,88,138,NULL,'c_vedeni','kreditka == 1 AND obrat_karta_vse >= 700',50.00,''),(56,88,138,NULL,'c_vedeni','ziv_poj_prispevek >= 700',50.00,''),(57,88,138,NULL,'c_vedeni','ziv_poj_hodnota >= 100000',50.00,'Pojistné v minimální výši 700 Kč, nebo pokud je kapitálová hodnota Vašeho pojištění minimálně 100 000 Kč'),(58,88,138,NULL,'c_vedeni','invest_castka >= 700',50.00,'Měsíčně minimálně 700 Kč.'),(59,88,138,NULL,'c_vedeni','kapital >= 100000',50.00,''),(60,88,138,NULL,'c_vedeni','podnikatel == 1',50.00,''),(61,88,138,NULL,'c_vedeni','pen_poj_prispevek >= 700',50.00,''),(62,88,138,NULL,'c_vedeni','pen_poj_hodnota >= 100000',50.00,''),(63,88,138,NULL,'c_vedeni','prijem >= 7000 AND trans_karta >= 1 AND hypo == 1',0.00,''),(64,88,138,NULL,'c_vedeni','prijem >= 7000 AND trans_karta >= 1 AND uver_stav == 1',0.00,''),(65,88,138,NULL,'c_vedeni','prijem >= 7000 AND trans_karta >= 1 AND uver == 1',0.00,''),(66,88,138,NULL,'c_vedeni','prijem >= 7000 AND trans_karta >= 1 AND kreditka == 1 AND obrat_karta_vse >= 700',0.00,''),(67,88,138,NULL,'c_vedeni','prijem >= 7000 AND trans_karta >= 1 AND ziv_poj_prispevek >= 700',0.00,''),(68,88,138,NULL,'c_vedeni','prijem >= 7000 AND trans_karta >= 1 AND ziv_poj_hodnota >= 100000',0.00,''),(69,88,138,NULL,'c_vedeni','prijem >= 7000 AND trans_karta >= 1 AND pen_poj_prispevek >= 700',0.00,''),(70,88,138,NULL,'c_vedeni','prijem >= 7000 AND trans_karta >= 1 AND pen_poj_hodnota >= 100000',0.00,''),(71,88,138,NULL,'c_vedeni','prijem >= 7000 AND trans_karta >= 1 AND invest_castka >= 700',0.00,''),(72,88,138,NULL,'c_vedeni','prijem >= 7000 AND trans_karta >= 1 AND kapital >= 100000',0.00,''),(73,88,138,NULL,'c_vedeni','prijem >= 7000 AND trans_karta >= 1 AND podnikatel == 1',0.00,''),(74,51,97,NULL,'c_vedeni','prijem >= 15000 AND odch >= 3',0.00,'Vedení účtu je zdarma při kreditním obratu na účtu nejméně 15 000 Kč a zároveň alespoň tři odchozí platby z účtu měsíčně.'),(75,52,98,NULL,'c_vedeni','prijem >= 15000 AND odch >= 3',129.00,'Vedení účtu je za poplatek 129 Kč při kreditním obratu na účtu nejméně 15000 Kč a zároveň alespoň tři odchozí platby z účtu měsíčně.'),(76,91,102,NULL,'c_vedeni','prijem >= 15000',0.00,'Vedení účtu při kreditním obratu nad 15 000 Kč.'),(77,92,103,NULL,'c_vedeni','prijem >= 25000',0.00,'Vedení účtu zdarma při kreditním obratu na účtu minimálně 25 000 Kč.'),(78,92,103,NULL,'c_vedeni','vklad >= 1000000',0.00,'Vedení účtu zdarma při součtu zůstatků depozitních produktů od 1 milionu Kč.'),(79,93,106,NULL,'c_vedeni','vklad >= 500000',0.00,'Vedení účtu zdarma pokud jsou vklady v bance vyšší než 500 tis. Kč.'),(80,93,106,NULL,'c_vedeni','vklad >= 250000 AND prijem >= 40000',0.00,'Vedení účtu zdarma pokud jsou vklady alespoň 250 tis. Kč a kreditní obrat na účtu 40 tis. Kč měsíčně'),(81,94,107,NULL,'c_vedeni','vklad >= 750000',0.00,'Vedení účtu zdarma při vkladu v bance vyšší než 750 tis. Kč'),(82,54,NULL,NULL,'urok','zustatek < 30000',0.25,'Při zůstatku do 30000 Kč úrok 0.25%.'),(83,56,108,NULL,'c_vedeni','vek >= 15 AND vek <= 26',0.00,'Vedení účtu zdarma ve věku klienta 15-26 let.'),(84,56,108,NULL,'c_vedeni','prijem >= 12000',0.00,'Vedení účtu zdarma při kreditním obratu alespoň 12 000 Kč.'),(89,56,108,NULL,'c_odch','vek >= 15 AND vek <= 26',0.00,'Odchozí transakce zdarma ve věku klienta 15-26 let.'),(90,56,108,NULL,'c_odch','prijem >= 12000',0.00,'Odchozí transakce zdarma při kreditním obratu alespoň 12 000 Kč.'),(91,57,109,NULL,'c_vedeni','prijem >= 50000',0.00,'Vedení účtu zdarma při bezhotovostním kreditním měsíčním obratu na hlavním účtu 50 000 Kč a více.'),(92,57,109,NULL,'c_vedeni','vklad >= 1000000',0.00,'Vedení účtu zdarma při celkovém objemu vkladu u Unicredit Bank k 20. dni v měsíci 1 000 000 Kč a více.'),(93,70,NULL,NULL,'urok','zustatek <= 30000',0.50,'Při zůstatku do 30000 Kč úrok 0.50%.'),(94,68,115,NULL,'c_vedeni','vek < 26',0.00,'Vedení účtu zdarma do věku 25 let.'),(95,68,115,NULL,'c_vedeni','prich >= 1',0.00,''),(96,68,115,NULL,'c_vedeni','vklad >= 100000',0.00,''),(97,68,115,NULL,'c_vedeni','uver_any == 1',0.00,''),(98,68,115,NULL,'c_vedeni','investice == 1',0.00,''),(99,67,116,NULL,'c_vedeni','prich >= 1',0.00,''),(100,67,116,NULL,'c_vedeni','vklad >= 100000',0.00,''),(101,67,116,NULL,'c_vedeni','uver_any == 1',0.00,''),(102,67,116,NULL,'c_vedeni','investice == 1',0.00,''),(103,71,117,NULL,'c_vedeni','prich >= 1',0.00,''),(104,71,117,NULL,'c_vedeni','vklad >= 100000',0.00,''),(105,71,117,NULL,'c_vedeni','investice == 1',0.00,''),(106,71,117,NULL,'c_vedeni','uver_any == 1',0.00,''),(108,93,121,NULL,'c_vedeni','vklad >= 500000',0.00,'Vedení účtu zdarma pokud jsou vklady v bance vyšší než 500 tis. Kč'),(109,93,121,NULL,'c_vedeni','vklad >= 250000 AND prijem >= 40000',0.00,'Vedení účtu zdarma pokud vklady alespoň 250 tis. Kč a kreditní obrat na účtu 40 tis. Kč měsíčně'),(110,94,122,NULL,'c_vedeni','vklad >= 750000',0.00,'Vedení účtu zdarma při vkladu v bance vyšší než 750 tis. Kč'),(114,71,128,NULL,'c_vedeni','vklad >= 2500000',245.00,'- za vedení balíčku TOP nabídka vám bude v daném měsíci zaúčtováno pouze 245 Kč, pokud jste k poslednímu obchodnímu dni předchozího měsíce měl/a u KB a/nebo\r\nu společností MPSS a/nebo KP a/nebo KB PS a/nebo IKS KB uloženo celkem nejméně 2 500 000 Kč (nebo ekvivalent v cizí měně) a/nebo pokud váš očištěný kreditní obrat za\r\npředchozí měsíc dosáhl alespoň 80 000 Kč.'),(115,71,128,NULL,'c_vedeni','prijem >= 80000',245.00,'- za vedení balíčku TOP nabídka vám bude v daném měsíci zaúčtováno pouze 245 Kč, pokud jste k poslednímu obchodnímu dni předchozího měsíce měl/a u KB a/nebo\r\nu společností MPSS a/nebo KP a/nebo KB PS a/nebo IKS KB uloženo celkem nejméně 2 500 000 Kč (nebo ekvivalent v cizí měně) a/nebo pokud váš očištěný kreditní obrat za\r\npředchozí měsíc dosáhl alespoň 80 000 Kč.'),(116,71,128,NULL,'c_vedeni','vklad >= 5000000',0.00,'- vedení balíčku TOP nabídka budete mít v daném měsíci zdarma, pokud jste k poslednímu obchodnímu dni předchozího měsíce měl/a u KB a/nebo u společností MPSS a/nebo KP a/nebo KB PS a/nebo IKS KB uloženo celkem nejméně 5 000 000 Kč (nebo ekvivalent v cizí měně) a/nebo pokud váš očištěný kreditní obrat za předchozí měsíc dosáhl alespoň 150 000 Kč.'),(117,71,128,NULL,'c_vedeni','prijem >= 150000',0.00,'- vedení balíčku TOP nabídka budete mít v daném měsíci zdarma, pokud jste k poslednímu obchodnímu dni předchozího měsíce měl/a u KB a/nebo u společností MPSS a/nebo KP a/nebo KB PS a/nebo IKS KB uloženo celkem nejméně 5 000 000 Kč (nebo ekvivalent v cizí měně) a/nebo pokud váš očištěný kreditní obrat za předchozí měsíc dosáhl alespoň 150 000 Kč.'),(118,36,81,137,'c_kartaH_vedeni','obrat_karta > 1500',0.00,'Vedení je zdarma, pokud celkový bezhotovostní objem zaúčtovaných plateb danou debetní kartou vydanou k mKontu (do objemu se počítají všechny hlavní debetní karty\r\nvydané na jméno majitele účtu) v daném měsíci bude vyšší než 1 500 Kč.'),(119,36,81,137,'c_kartaH_vedeni','uver_any == 1',0.00,'Vedení je zdarma, pokud držitel debetní karty je vlastník úvěrového produktu u mBank (půjčka, hypotéka, kreditní karta nebo povolené přečerpání).'),(128,48,78,127,'p_kartaH_vyber2_vyj','karta == 1',3.00,'První 3 výběry zdarma.'),(129,48,78,128,'p_kartaH_vyber2_vyj','karta == 1',3.00,'První 3 výběry zdarma.'),(130,48,78,129,'p_kartaH_vyber2_vyj','karta == 1',3.00,'První 3 výběry zdarma.'),(131,36,81,138,'c_kartaH_vedeni','obrat_karta >= 10000',0.00,'Vedení je zdarma, pokud bezhotovostní objem zaúčtovaných plateb všemi typy hlavních debetních a hlavních kreditních karet vyjma eMax vydaných na jméno majitele účtu\r\nv daném měsíci bude vyšší než 10 000 Kč.'),(132,81,83,142,'p_kartaH_vyber2_vyj','karta == 1',3.00,'První 3 výběry hlavní kartou jsou zdarma, další za poplatek 29 Kč.'),(133,82,82,139,'p_kartaH_vyber2_vyj','karta == 1',3.00,'První 3 výběry hlavní kartou jsou zdarma, další za poplatek 29 Kč.'),(134,50,45,47,'p_kartaH_vyber1_vyj','karta == 1',4.00,'První 4 výběry z bankomatu MMB jsou zdarma.'),(135,50,45,46,'p_kartaH_vyber1_vyj','karta == 1',4.00,'První 4 výběry z bankomatu MMB jsou zdarma.'),(136,62,90,156,'p_kartaH_vyber1_vyj','karta == 1',4.00,'Zdarma 4 výběry z bankomatu ČSOB.'),(137,56,134,NULL,'c_vedeni','vek <= 26',0.00,'Vedení účtu zdarma ve věku klienta 15-26 let.'),(138,56,134,NULL,'c_vedeni','prijem >= 12000',0.00,'Vedení účtu zdarma při kreditním obratu alespoň 12 000 Kč.'),(139,56,134,NULL,'c_odch','vek <= 26',0.00,'Odchozí transakce zdarma ve věku klienta 15-26 let.'),(140,56,134,NULL,'c_odch','prijem >= 12000',0.00,'Odchozí transakce zdarma při kreditním obratu alespoň 12 000 Kč.'),(141,56,134,292,'c_kartaH_vybery','vek <= 26',0.00,'Při splnění podmínek pro vedení účtu zdarma jsou všechny výběry rovněž zdarma.'),(142,56,134,292,'c_kartaH_vybery','prijem >= 12000',0.00,'Při splnění podmínek pro vedení účtu zdarma jsou všechny výběry rovněž zdarma.'),(143,57,135,NULL,'c_vedeni','prijem >= 50000',0.00,'Vedení účtu zdarma při bezhotovostním kreditním měsíčním obratu na hlavním účtu 50 000 Kč a více.'),(144,57,135,NULL,'c_vedeni','vklad >= 1000000',0.00,'Vedení účtu zdarma při celkovém objemu vkladu u Unicredit Bank k 20. dni v měsíci 1 000 000 Kč a více.'),(145,56,134,293,'c_kartaH_vybery','vek <= 26',0.00,'Při splnění podmínek pro vedení účtu zdarma jsou všechny výběry rovněž zdarma.'),(146,56,134,293,'c_kartaH_vybery','prijem >= 12000',0.00,'Při splnění podmínek pro vedení účtu zdarma jsou všechny výběry rovněž zdarma.'),(147,56,134,298,'c_kartaH_vybery','vek <= 26',0.00,'Při splnění podmínek pro vedení účtu zdarma jsou všechny výběry rovněž zdarma.'),(148,56,134,298,'c_kartaH_vybery','prijem >= 12000',0.00,'Při splnění podmínek pro vedení účtu zdarma jsou všechny výběry rovněž zdarma.'),(149,40,119,238,'p_kartaH_vyber1_vyj','karta == 1',10.00,'Prvních 10 výběrů z bankomatu Fio banky zdarma.'),(150,40,119,239,'p_kartaH_vyber1_vyj','karta == 1',10.00,'Prvních 10 výběrů z bankomatu Fio banky zdarma.'),(151,40,119,242,'p_kartaH_vyber1_vyj','karta == 1',10.00,'Prvních 10 výběrů z bankomatu Fio banky zdarma.'),(152,40,119,243,'p_kartaH_vyber1_vyj','karta == 1',10.00,'Prvních 10 výběrů z bankomatu Fio banky zdarma.'),(153,91,141,NULL,'c_vedeni','prijem >= 15000',0.00,'Vedení účtu zdarma při kreditní obratu na účtu v minimální výši 15 000 Kč.'),(154,92,142,NULL,'c_vedeni','prijem >= 25000',0.00,'Vedení účtu zdarma při kreditním obratu na účtu minimálně 25 000 Kč.'),(155,92,142,NULL,'c_vedeni','vklad >= 1000000',0.00,'Vedení účtu zdarma při součtu zůstatků depozitních produktů od 1 milionu Kč.'),(156,72,144,NULL,'p_odch_std_vyj','odch_ib > 0',1.00,'První odchozí platba zdarma.'),(157,98,149,334,'p_kartaH_vyber2_vyj','karta == 1',2.00,'První 2 výběry zdarma.'),(158,71,150,NULL,'c_vedeni','vklad >= 2500000',245.00,'Vedení účtu za 245 Kč, pokud je k poslednímu obchodnímu dni předchozího měsíce u KB a/nebo u společností MPSS a/nebo KP a/nebo KB PS a/nebo IKS KB uloženo celkem nejméně 2 500 000 Kč.'),(159,71,150,NULL,'c_vedeni','prijem >= 80000',245.00,'Vedení účtu za 245 Kč, pokud očištěný kreditní obrat za předchozí měsíc dosáhl alespoň 80 000 Kč.'),(160,71,150,NULL,'c_vedeni','vklad >= 5000000',0.00,'Vedení účtu zdarma, pokud je k poslednímu obchodnímu dni předchozího měsíce u KB a/nebo u společností MPSS a/nebo KP a/nebo KB PS a/nebo IKS KB uloženo celkem nejméně 5 000 000 Kč (nebo ekvivalent v cizí měně).\r\n'),(161,71,150,NULL,'c_vedeni','prijem >= 150000',0.00,'Vedení účtu zdarma, pokud očištěný kreditní obrat za předchozí měsíc dosáhl alespoň 150 000 Kč.\r\n'),(162,101,NULL,NULL,'urok','zustatek <= 20000',0.50,''),(163,91,153,NULL,'c_vedeni','prijem >= 15000',0.00,'Vedení účtu zdarma při kreditní obratu na účtu v minimální výši 15 000 Kč.'),(164,92,156,NULL,'c_vedeni','prijem >= 25000',0.00,'Vedení účtu zdarma při kreditním obratu na účtu minimálně 25 000 Kč.'),(165,92,156,NULL,'c_vedeni','vklad >= 1000000',0.00,'Vedení účtu zdarma při součtu zůstatků depozitních produktů od 1 milionu Kč.');
/*!40000 ALTER TABLE `vyjimky` ENABLE KEYS */;
UNLOCK TABLES;
/*!40103 SET TIME_ZONE=@OLD_TIME_ZONE */;

/*!40101 SET SQL_MODE=@OLD_SQL_MODE */;
/*!40014 SET FOREIGN_KEY_CHECKS=@OLD_FOREIGN_KEY_CHECKS */;
/*!40014 SET UNIQUE_CHECKS=@OLD_UNIQUE_CHECKS */;
/*!40101 SET CHARACTER_SET_CLIENT=@OLD_CHARACTER_SET_CLIENT */;
/*!40101 SET CHARACTER_SET_RESULTS=@OLD_CHARACTER_SET_RESULTS */;
/*!40101 SET COLLATION_CONNECTION=@OLD_COLLATION_CONNECTION */;
/*!40111 SET SQL_NOTES=@OLD_SQL_NOTES */;

-- Dump completed on 2017-12-20 14:50:04
